2011 ¼Òºñ·®,2012 ¼Òºñ·®,2013 ¼Òºñ·®,2014 ¼Òºñ·®,2015 ¼Òºñ·®,2016 ¼Òºñ·®,2017 ¼Òºñ·®,2018 ¼Òºñ·®,2019 ¼Òºñ·®,2020 ¼Òºñ·®,2021 ¼Òºñ·®,2022 ¼Òºñ·®,2023 ¼Òºñ·®,±¤Á¾,±¹°¡,´ÜÀ§,´ë·ú,Ç°¸ñ
293.867,253.700,201.000,225.800,220.751,226.106,247.578,260.381,246.674,190.106,198.989,337.973,272.189,¾Ë·ç¹Ì´½,Austria,ÃµÅæ,EUROPE,refined
10.200,10.200,10.200,29.598,21.898,30.197,27.001,27.052,31.673,29.178,39.481,3.276,2.400,¾Ë·ç¹Ì´½,Belarus,ÃµÅæ,EUROPE,refined
382.312,344.280,236.780,202.967,231.648,184.982,212.039,233.065,181.368,138.809,204.808,257.193,160.985,¾Ë·ç¹Ì´½,Belgium,ÃµÅæ,EUROPE,refined
52.188,53.527,60.645,87.027,109.824,110.526,109.522,111.927,119.211,95.958,128.057,121.134,97.254,¾Ë·ç¹Ì´½,Bulgaria,ÃµÅæ,EUROPE,refined
77.771,83.684,76.755,66.065,24.672,52.033,96.463,112.930,136.757,143.869,159.163,135.867,129.308,¾Ë·ç¹Ì´½,Croatia,ÃµÅæ,EUROPE,refined
173.054,160.590,154.357,147.329,152.171,143.921,142.835,90.579,69.129,23.958,0.000,17.994,24.624,¾Ë·ç¹Ì´½,Czech Republic,ÃµÅæ,EUROPE,refined
64.759,55.256,34.500,39.334,62.734,69.600,70.884,67.719,48.243,13.432,9.509,11.983,12.000,¾Ë·ç¹Ì´½,Denmark,ÃµÅæ,EUROPE,refined
37.175,32.170,33.007,36.964,36.272,37.133,41.203,41.824,35.433,34.831,42.271,37.806,26.215,¾Ë·ç¹Ì´½,Finland,ÃµÅæ,EUROPE,refined
583.900,546.245,588.107,693.843,655.998,731.560,706.904,692.537,671.362,585.195,659.282,619.684,520.838,¾Ë·ç¹Ì´½,France,ÃµÅæ,EUROPE,refined
2103.344,2085.629,2082.960,2289.476,2163.247,2197.239,2159.921,2139.248,1988.308,1808.000,2111.000,2075.100,1595.300,¾Ë·ç¹Ì´½,Germany,ÃµÅæ,EUROPE,refined
221.682,234.515,253.893,250.744,247.243,291.057,385.293,399.844,366.075,410.120,446.023,481.577,425.552,¾Ë·ç¹Ì´½,Greece,ÃµÅæ,EUROPE,refined
245.259,221.597,179.138,203.320,215.539,219.999,251.233,232.475,193.610,138.468,192.794,191.945,184.739,¾Ë·ç¹Ì´½,Hungary,ÃµÅæ,EUROPE,refined
0.840,0.840,0.840,0.840,0.794,2.036,1.061,0.642,1.741,1.592,9.539,9.259,9.076,¾Ë·ç¹Ì´½,Ireland,ÃµÅæ,EUROPE,refined
994.403,751.788,709.120,810.463,800.926,908.805,924.155,950.527,938.394,768.121,950.254,1018.483,801.035,¾Ë·ç¹Ì´½,Italy,ÃµÅæ,EUROPE,refined
1.942,2.329,2.809,3.027,3.930,4.592,5.185,6.426,5.353,4.749,5.309,5.603,5.852,¾Ë·ç¹Ì´½,Macedonia,ÃµÅæ,EUROPE,refined
146.400,146.400,146.400,146.400,146.400,146.400,112.800,112.800,112.800,112.800,104.000,60.000,60.000,¾Ë·ç¹Ì´½,Netherlands,ÃµÅæ,EUROPE,refined
180.000,180.000,222.015,187.563,222.630,240.000,240.000,222.587,249.600,231.324,276.000,252.000,252.000,¾Ë·ç¹Ì´½,Norway,ÃµÅæ,EUROPE,refined
266.842,282.417,148.413,147.833,192.372,229.532,234.690,288.192,281.729,283.401,278.712,276.311,249.321,¾Ë·ç¹Ì´½,Poland,ÃµÅæ,EUROPE,refined
75.811,64.902,61.882,73.227,94.984,106.951,113.695,109.994,110.537,98.479,123.245,114.521,108.729,¾Ë·ç¹Ì´½,Portugal,ÃµÅæ,EUROPE,refined
190.206,177.306,194.505,217.494,213.014,218.295,223.871,224.817,232.480,222.880,238.058,183.743,193.836,¾Ë·ç¹Ì´½,Romania,ÃµÅæ,EUROPE,refined
685.000,685.000,684.960,667.830,692.000,684.960,684.960,696.000,696.000,616.000,600.000,600.000,600.000,¾Ë·ç¹Ì´½,Russia,ÃµÅæ,EUROPE,refined
142.469,128.694,105.892,101.077,101.142,94.988,91.024,109.179,103.659,48.357,72.737,58.614,68.109,¾Ë·ç¹Ì´½,Serbia,ÃµÅæ,EUROPE,refined
29.453,28.800,28.800,28.800,28.800,28.800,29.828,108.686,103.195,86.737,115.958,53.670,29.528,¾Ë·ç¹Ì´½,Slovakia,ÃµÅæ,EUROPE,refined
136.864,133.237,197.080,146.363,134.579,123.404,120.108,114.483,75.281,68.255,68.883,72.487,132.725,¾Ë·ç¹Ì´½,Slovenia,ÃµÅæ,EUROPE,refined
597.824,566.595,595.491,727.457,563.947,686.061,710.487,793.746,737.749,673.425,806.929,483.150,423.252,¾Ë·ç¹Ì´½,Spain,ÃµÅæ,EUROPE,refined
136.672,115.508,90.542,141.184,112.781,143.474,147.958,142.037,87.234,93.002,133.424,105.685,106.830,¾Ë·ç¹Ì´½,Sweden,ÃµÅæ,EUROPE,refined
237.793,218.420,223.223,251.718,300.353,322.919,315.854,210.417,218.303,170.947,215.391,241.139,230.346,¾Ë·ç¹Ì´½,Switzerland,ÃµÅæ,EUROPE,refined
31.764,29.807,32.255,15.257,7.365,9.608,13.957,14.632,12.058,7.322,2.947,0.376,1.853,¾Ë·ç¹Ì´½,Ukraine,ÃµÅæ,EUROPE,refined
270.000,270.000,270.000,270.000,270.000,241.200,241.200,180.000,180.000,171.000,180.000,180.000,180.000,¾Ë·ç¹Ì´½,United Kingdom,ÃµÅæ,EUROPE,refined
4.272,5.734,11.105,14.324,15.102,17.392,23.319,20.903,1.433,3.673,3.348,1.585,6.694,¾Ë·ç¹Ì´½,Algeria,ÃµÅæ,AFRICA,refined
22.540,11.235,11.400,11.400,11.400,11.400,11.400,11.400,24.537,22.514,17.692,22.604,18.100,¾Ë·ç¹Ì´½,Cameroon,ÃµÅæ,AFRICA,refined
264.376,324.869,254.283,232.950,260.397,224.864,220.096,273.972,243.693,102.953,146.400,137.943,30.412,¾Ë·ç¹Ì´½,Egypt,ÃµÅæ,AFRICA,refined
18.000,18.000,14.364,14.160,13.552,9.913,9.702,3.480,0.600,7.901,16.579,14.400,14.400,¾Ë·ç¹Ì´½,Ghana,ÃµÅæ,AFRICA,refined
25.041,21.012,21.940,23.792,26.473,37.552,47.035,48.288,68.873,78.019,130.311,147.452,156.541,¾Ë·ç¹Ì´½,Morocco,ÃµÅæ,AFRICA,refined
15.840,15.840,15.840,15.840,15.840,15.840,15.840,15.720,15.600,12.000,15.600,15.600,14.400,¾Ë·ç¹Ì´½,Nigeria,ÃµÅæ,AFRICA,refined
259.362,233.255,256.402,234.320,221.159,244.789,230.371,243.583,222.238,166.758,223.098,158.763,148.196,¾Ë·ç¹Ì´½,South Africa,ÃµÅæ,AFRICA,refined
400.000,450.000,450.000,450.000,450.000,450.000,450.000,450.000,456.000,474.000,392.000,240.000,413.400,¾Ë·ç¹Ì´½,Bahrain,ÃµÅæ,ASIA,refined
29.185,49.691,52.152,55.268,72.750,76.701,83.474,92.089,105.200,87.800,60.500,54.100,72.100,¾Ë·ç¹Ì´½,Bangladesh,ÃµÅæ,ASIA,refined
19638.963,22585.394,26442.923,28003.298,31068.071,32562.841,31907.962,35520.746,36175.078,39114.024,40980.452,41940.667,43720.773,¾Ë·ç¹Ì´½,China,ÃµÅæ,ASIA,refined
26.499,32.689,35.126,24.508,23.657,25.549,30.960,20.755,25.523,16.754,24.815,10.486,4.800,¾Ë·ç¹Ì´½,Hong Kong,ÃµÅæ,ASIA,refined
1569.173,1689.955,1558.723,1655.094,1521.482,2201.514,2253.285,1750.005,1939.614,1669.510,1532.979,1877.232,2533.231,¾Ë·ç¹Ì´½,India,ÃµÅæ,ASIA,refined
485.231,539.792,490.702,407.316,444.143,502.008,517.761,438.020,430.742,244.212,351.220,285.797,331.656,¾Ë·ç¹Ì´½,Indonesia,ÃµÅæ,ASIA,refined
271.517,300.720,211.633,257.779,281.520,273.858,296.800,268.599,229.631,414.964,339.373,314.965,425.972,¾Ë·ç¹Ì´½,Iran,ÃµÅæ,ASIA,refined
66.888,61.310,66.675,61.200,55.000,41.359,53.317,57.967,49.282,44.412,77.550,66.433,23.800,¾Ë·ç¹Ì´½,Israel,ÃµÅæ,ASIA,refined
1945.801,1981.590,1771.825,2033.703,1778.716,1741.648,1949.571,1978.636,1765.122,1432.939,1741.060,1716.200,1351.298,¾Ë·ç¹Ì´½,Japan,ÃµÅæ,ASIA,refined
296.354,189.443,154.623,276.948,482.300,276.041,287.561,363.660,569.337,853.555,655.200,301.871,738.562,¾Ë·ç¹Ì´½,Malaysia,ÃµÅæ,ASIA,refined
21.600,21.600,21.600,21.600,21.600,21.600,21.600,21.600,21.600,21.600,21.600,21.600,21.600,¾Ë·ç¹Ì´½,North Korea,ÃµÅæ,ASIA,refined
29.312,25.266,24.190,29.039,30.550,37.325,40.602,44.722,37.837,20.886,28.816,15.523,5.397,¾Ë·ç¹Ì´½,Philippines,ÃµÅæ,ASIA,refined
125.000,150.000,150.000,162.000,273.936,267.123,378.000,507.841,598.621,649.604,710.446,688.564,786.805,¾Ë·ç¹Ì´½,Saudi Arabia,ÃµÅæ,ASIA,refined
60.000,60.000,60.000,45.927,37.781,38.398,51.063,51.060,51.060,51.060,51.060,51.060,51.060,¾Ë·ç¹Ì´½,Singapore,ÃµÅæ,ASIA,refined
1233.309,1278.490,1241.119,1282.288,1365.766,1453.087,1420.196,1151.176,1157.481,1062.228,1212.106,1230.311,1290.904,¾Ë·ç¹Ì´½,South Korea,ÃµÅæ,ASIA,refined
431.517,418.931,464.866,532.980,540.489,510.438,478.522,575.396,523.450,686.396,516.907,512.472,398.198,¾Ë·ç¹Ì´½,Taiwan,ÃµÅæ,ASIA,refined
404.424,478.901,508.190,462.485,493.364,575.405,654.187,675.561,646.431,471.815,618.290,508.901,412.087,¾Ë·ç¹Ì´½,Thailand,ÃµÅæ,ASIA,refined
870.173,924.909,866.953,915.351,951.548,949.470,960.711,953.603,970.871,1062.000,1563.920,1408.333,1375.265,¾Ë·ç¹Ì´½,Turkey,ÃµÅæ,ASIA,refined
750.000,835.000,835.000,834.960,780.380,834.960,834.960,834.960,834.960,793.740,780.000,780.000,780.000,¾Ë·ç¹Ì´½,United Arab Emirates,ÃµÅæ,ASIA,refined
101.880,101.880,101.880,101.880,101.880,150.000,200.000,206.326,261.037,266.100,330.900,266.750,320.869,¾Ë·ç¹Ì´½,Vietnam,ÃµÅæ,ASIA,refined
138.177,117.776,126.437,123.934,146.056,99.225,106.730,94.096,82.910,92.142,118.452,131.078,126.252,¾Ë·ç¹Ì´½,Argentina,ÃµÅæ,AMERICA,refined
1077.111,1021.376,988.245,1026.911,801.180,764.151,867.587,872.800,892.455,843.484,1135.265,816.338,855.075,¾Ë·ç¹Ì´½,Brazil,ÃµÅæ,AMERICA,refined
638.665,502.537,473.972,530.914,541.363,584.270,433.791,508.899,500.000,443.340,515.688,498.075,557.357,¾Ë·ç¹Ì´½,Canada,ÃµÅæ,AMERICA,refined
23.086,22.801,32.597,45.564,50.984,29.468,27.037,31.976,27.134,18.648,26.021,23.795,19.066,¾Ë·ç¹Ì´½,Colombia,ÃµÅæ,AMERICA,refined
151.000,137.100,144.600,211.625,183.900,207.700,231.100,256.630,253.100,247.700,349.400,327.900,311.300,¾Ë·ç¹Ì´½,Mexico,ÃµÅæ,AMERICA,refined
5.272,3.603,3.695,3.279,2.249,2.274,3.418,3.998,3.733,4.237,5.421,4.385,4.503,¾Ë·ç¹Ì´½,Uruguay,ÃµÅæ,AMERICA,refined
4059.999,4875.069,4632.070,5250.052,5324.960,5120.787,5701.597,4674.445,4891.234,4314.475,4676.028,4934.465,4355.246,¾Ë·ç¹Ì´½,U.S.A.,ÃµÅæ,AMERICA,refined
243.824,190.093,186.615,104.842,79.977,82.723,108.059,31.034,12.000,6.000,6.000,6.000,6.000,¾Ë·ç¹Ì´½,Venezuela,ÃµÅæ,AMERICA,refined
276.309,233.216,284.042,300.592,199.332,267.149,240.000,188.160,179.488,234.145,250.933,191.820,145.800,¾Ë·ç¹Ì´½,Australia,ÃµÅæ,OCEANIA,refined
78.800,78.800,78.820,78.840,78.760,97.853,96.108,106.800,106.800,101.760,104.452,123.200,95.102,¾Ë·ç¹Ì´½,New Zealand,ÃµÅæ,OCEANIA,refined
2000.000,1500.000,1000.000,1885.800,606.900,606.900,606.900,606.900,606.900,606.900,606.900,606.900,606.900,Ä«µå¹Å,Belgium,Åæ,EUROPE,refined
100.000,100.000,100.000,100.000,100.000,100.000,100.000,100.000,100.000,100.000,100.000,100.000,100.000,Ä«µå¹Å,France,Åæ,EUROPE,refined
100.000,75.000,75.000,75.000,75.000,75.000,75.000,75.000,75.000,75.000,75.000,75.000,75.000,Ä«µå¹Å,Germany,Åæ,EUROPE,refined
100.000,50.000,50.000,50.000,50.000,50.000,50.000,50.040,50.040,50.040,50.040,50.040,50.040,Ä«µå¹Å,Italy,Åæ,EUROPE,refined
527.000,240.000,412.000,402.000,369.000,298.000,298.000,298.000,298.000,298.000,298.000,298.000,298.800,Ä«µå¹Å,Poland,Åæ,EUROPE,refined
30.000,30.000,30.000,30.000,30.000,30.000,30.000,30.000,30.000,30.000,30.000,30.000,30.000,Ä«µå¹Å,Serbia,Åæ,EUROPE,refined
1087.300,1147.700,988.000,987.600,987.600,1016.015,1142.787,971.799,957.899,1032.161,1006.655,1270.800,1270.800,Ä«µå¹Å,Sweden,Åæ,EUROPE,refined
20.000,10.000,10.000,10.000,10.000,10.000,10.000,10.000,10.000,10.000,10.000,10.000,10.000,Ä«µå¹Å,United Kingdom,Åæ,EUROPE,refined
13946.000,14000.000,17857.000,18060.000,17871.000,17365.000,16582.000,13534.000,10886.000,8692.123,8693.008,8692.900,8692.800,Ä«µå¹Å,China,Åæ,ASIA,refined
350.361,483.155,472.719,400.960,256.975,523.350,467.614,468.450,470.430,470.514,471.361,462.796,811.313,Ä«µå¹Å,India,Åæ,ASIA,refined
1734.534,1840.786,1038.200,1879.116,1949.649,1972.622,2189.223,1836.972,1797.076,1974.704,1941.229,1651.200,1892.400,Ä«µå¹Å,Japan,Åæ,ASIA,refined
2963.000,2958.000,3958.100,3958.100,3958.100,3995.061,3995.099,4900.110,4496.213,4495.908,4495.389,4495.400,4497.200,Ä«µå¹Å,South Korea,Åæ,ASIA,refined
176.000,176.000,176.000,176.000,176.000,176.000,176.000,176.000,176.000,176.000,176.000,176.000,176.300,Ä«µå¹Å,Brazil,Åæ,AMERICA,refined
126.157,126.327,129.354,119.333,116.605,202.548,197.496,140.710,144.954,177.801,166.766,247.435,119.990,Ä«µå¹Å,Canada,Åæ,AMERICA,refined
159.000,159.000,159.000,159.000,159.000,159.000,159.000,159.000,159.000,159.000,159.000,159.000,159.000,Ä«µå¹Å,Mexico,Åæ,AMERICA,refined
490.000,476.282,670.959,490.605,379.617,630.007,629.991,630.213,630.322,1510.276,1510.062,1172.000,1180.000,Ä«µå¹Å,U.S.A.,Åæ,AMERICA,refined
24.000,24.000,24.000,24.000,24.000,24.000,24.000,24.000,24.000,24.000,24.000,24.000,24.000,Ä«µå¹Å,Australia,Åæ,OCEANIA,refined
0.300,0.300,0.300,0.300,0.005,0.000,0.000,0.000,0.000,0.000,0.000,0.000,0.000,µ¿,Albania,ÃµÅæ,EUROPE,refined
34.000,27.000,27.000,27.000,35.783,35.561,34.800,34.800,34.800,34.800,34.800,34.800,34.800,µ¿,Austria,ÃµÅæ,EUROPE,refined
240.873,225.724,217.976,243.436,288.798,251.126,190.787,243.547,230.736,230.552,258.593,280.761,259.707,µ¿,Belgium,ÃµÅæ,EUROPE,refined
49.100,29.589,42.521,52.220,36.015,50.602,72.752,69.821,70.206,61.926,63.538,74.890,76.689,µ¿,Bulgaria,ÃµÅæ,EUROPE,refined
2.400,2.400,0.600,0.600,0.470,0.838,1.107,1.356,1.812,1.763,2.231,2.782,2.525,µ¿,Czech Republic,ÃµÅæ,EUROPE,refined
0.035,0.087,0.180,0.066,0.083,0.099,0.077,0.041,0.036,0.012,0.037,0.019,0.019,µ¿,Denmark,ÃµÅæ,EUROPE,refined
85.518,71.928,68.082,68.070,68.886,76.404,62.183,67.647,62.726,43.777,74.421,84.546,80.266,µ¿,Finland,ÃµÅæ,EUROPE,refined
183.111,178.027,200.619,206.724,182.285,195.939,209.529,201.015,199.320,172.394,171.276,159.988,161.779,µ¿,France,ÃµÅæ,EUROPE,refined
1246.979,1110.321,1122.760,1162.229,1218.920,1243.084,1180.199,1200.320,1017.363,1053.970,972.430,1008.067,925.419,µ¿,Germany,ÃµÅæ,EUROPE,refined
49.155,50.605,53.390,54.347,59.579,73.865,81.735,61.357,65.200,71.137,70.972,67.347,67.987,µ¿,Greece,ÃµÅæ,EUROPE,refined
1.291,2.416,0.300,0.050,0.120,0.585,1.057,0.620,0.416,0.476,0.665,0.719,0.508,µ¿,Hungary,ÃµÅæ,EUROPE,refined
0.005,0.221,0.402,0.308,0.155,0.267,0.290,0.034,0.003,0.026,0.060,0.060,0.060,µ¿,Ireland,ÃµÅæ,EUROPE,refined
607.934,570.026,551.605,625.072,612.960,595.975,635.099,552.110,555.744,475.102,610.968,631.594,592.110,µ¿,Italy,ÃµÅæ,EUROPE,refined
50.400,50.400,50.400,50.400,50.400,50.400,50.400,50.400,50.400,50.400,50.400,50.400,50.400,µ¿,Netherlands,ÃµÅæ,EUROPE,refined
0.000,0.000,0.000,0.000,0.277,0.000,0.487,0.480,0.480,0.480,0.480,0.480,0.480,µ¿,Norway,ÃµÅæ,EUROPE,refined
251.086,247.930,238.557,277.364,280.392,283.885,274.182,295.991,286.637,286.093,302.227,307.696,298.462,µ¿,Poland,ÃµÅæ,EUROPE,refined
4.574,4.643,5.002,7.537,12.967,15.200,15.583,12.585,9.071,5.935,0.475,0.613,1.388,µ¿,Portugal,ÃµÅæ,EUROPE,refined
1.056,0.582,0.584,0.533,2.560,3.266,0.922,1.207,0.857,0.674,1.935,1.311,1.800,µ¿,Romania,ÃµÅæ,EUROPE,refined
587.181,651.910,664.804,611.349,329.520,370.801,385.349,386.714,355.194,358.342,420.000,420.000,420.000,µ¿,Russia,ÃµÅæ,EUROPE,refined
47.146,35.412,25.251,18.447,22.504,20.230,16.001,16.441,14.100,15.566,16.510,18.530,17.968,µ¿,Serbia,ÃµÅæ,EUROPE,refined
2.226,4.219,0.480,0.300,6.665,17.742,16.198,18.294,19.923,24.513,20.741,10.580,2.115,µ¿,Slovakia,ÃµÅæ,EUROPE,refined
329.735,307.338,298.293,311.297,333.725,311.742,339.548,358.457,364.946,348.973,337.702,356.019,343.380,µ¿,Spain,ÃµÅæ,EUROPE,refined
158.223,139.509,121.809,118.075,123.856,128.392,133.577,121.664,147.965,114.913,136.017,120.426,187.850,µ¿,Sweden,ÃµÅæ,EUROPE,refined
2.290,1.990,2.100,2.081,1.710,1.595,1.390,1.343,0.684,0.453,0.684,0.885,0.353,µ¿,Switzerland,ÃµÅæ,EUROPE,refined
16.443,22.389,16.003,12.352,11.623,21.112,24.258,21.613,26.264,21.830,24.670,25.674,26.406,µ¿,Ukraine,ÃµÅæ,EUROPE,refined
22.800,22.800,22.800,22.800,23.026,21.895,19.032,18.000,18.000,14.400,14.400,16.090,12.343,µ¿,United Kingdom,ÃµÅæ,EUROPE,refined
0.155,0.610,0.245,0.049,0.451,0.626,0.984,1.862,2.400,0.420,0.420,0.420,0.420,µ¿,Algeria,ÃµÅæ,AFRICA,refined
126.534,132.073,84.476,63.261,95.632,72.540,58.439,88.181,81.532,108.000,108.000,108.000,108.000,µ¿,Egypt,ÃµÅæ,AFRICA,refined
87.427,89.824,85.082,52.102,57.477,40.449,35.232,21.600,21.600,21.600,21.600,21.600,21.600,µ¿,South Africa,ÃµÅæ,AFRICA,refined
0.480,0.200,0.240,0.240,0.240,0.000,0.000,0.000,0.000,0.000,0.000,0.000,0.000,µ¿,Tunisia,ÃµÅæ,AFRICA,refined
12.000,12.000,12.000,12.000,12.000,12.000,12.000,12.000,12.000,12.000,12.000,12.000,12.000,µ¿,Zambia,ÃµÅæ,AFRICA,refined
3.903,3.000,5.160,3.602,4.734,5.887,5.869,5.981,6.000,6.000,6.000,6.000,6.000,µ¿,Zimbabwe,ÃµÅæ,AFRICA,refined
7880.807,8895.604,9830.099,11302.743,11353.089,11642.230,11790.487,12482.256,12799.538,14527.363,13885.185,14684.595,16485.789,µ¿,China,ÃµÅæ,ASIA,refined
4.800,4.800,4.800,4.800,4.800,4.800,4.800,4.800,4.800,4.800,4.800,4.800,4.800,µ¿,Hong Kong,ÃµÅæ,ASIA,refined
402.243,455.790,423.281,434.237,491.426,499.266,485.615,512.376,526.718,431.748,502.642,684.184,837.225,µ¿,India,ÃµÅæ,ASIA,refined
214.173,244.185,243.869,244.679,228.983,202.989,219.662,230.723,179.828,166.100,167.045,185.367,243.519,µ¿,Indonesia,ÃµÅæ,ASIA,refined
191.091,198.500,176.000,148.258,156.848,94.610,114.061,122.447,122.400,122.400,122.400,156.959,228.458,µ¿,Iran,ÃµÅæ,ASIA,refined
1003.312,984.962,996.365,1072.386,997.483,972.689,997.953,1039.206,1010.656,890.700,909.393,892.016,805.184,µ¿,Japan,ÃµÅæ,ASIA,refined
40.367,55.200,55.200,55.200,44.838,16.955,26.208,24.000,38.430,34.588,34.600,34.600,34.600,µ¿,Kazakhstan,ÃµÅæ,ASIA,refined
12.194,12.000,12.000,12.000,13.457,21.664,30.322,16.337,14.622,2.400,2.400,2.400,2.400,µ¿,Kuwait,ÃµÅæ,ASIA,refined
15.771,4.704,9.200,3.326,3.249,1.678,1.680,1.680,1.680,1.680,1.680,1.680,1.680,µ¿,Laos,ÃµÅæ,ASIA,refined
207.160,188.983,182.900,161.326,239.010,242.401,261.125,204.269,279.546,132.518,224.230,269.718,248.688,µ¿,Malaysia,ÃµÅæ,ASIA,refined
8.503,4.046,4.200,4.200,4.200,4.200,4.200,4.200,4.200,3.750,3.600,3.600,3.600,µ¿,Myanmar,ÃµÅæ,ASIA,refined
12.000,12.000,13.300,12.000,12.000,12.000,12.000,12.000,12.000,12.000,12.000,12.000,12.000,µ¿,North Korea,ÃµÅæ,ASIA,refined
8.124,8.160,7.680,7.200,5.284,15.238,10.182,12.000,12.000,12.000,12.000,12.000,12.000,µ¿,Pakistan,ÃµÅæ,ASIA,refined
34.000,43.740,79.934,73.054,95.990,18.400,24.000,24.000,24.000,24.000,24.000,24.000,24.000,µ¿,Philippines,ÃµÅæ,ASIA,refined
151.597,172.803,132.749,159.942,176.818,177.331,132.233,100.442,107.490,112.762,75.246,119.448,138.263,µ¿,Saudi Arabia,ÃµÅæ,ASIA,refined
9.720,9.720,9.720,9.720,9.696,9.696,9.672,9.600,9.600,9.600,9.600,9.600,9.600,µ¿,Singapore,ÃµÅæ,ASIA,refined
784.101,721.325,722.276,758.656,704.885,759.053,766.919,717.118,632.758,618.926,601.248,658.118,636.195,µ¿,South Korea,ÃµÅæ,ASIA,refined
457.211,432.442,437.476,464.924,470.857,507.235,497.908,382.154,370.722,378.409,411.277,371.994,331.576,µ¿,Taiwan,ÃµÅæ,ASIA,refined
229.549,240.501,247.738,256.722,273.518,342.308,363.412,361.342,356.440,297.307,343.165,349.160,319.624,µ¿,Thailand,ÃµÅæ,ASIA,refined
420.938,429.389,436.281,432.790,467.673,464.122,445.496,482.337,463.679,438.249,465.524,507.292,517.364,µ¿,Turkey,ÃµÅæ,ASIA,refined
100.300,61.636,63.365,40.513,23.309,98.484,205.473,150.902,151.200,151.200,151.200,151.200,151.200,µ¿,United Arab Emirates,ÃµÅæ,ASIA,refined
29.707,34.756,25.352,15.600,40.363,36.000,34.000,21.000,30.000,30.000,19.287,19.200,19.200,µ¿,Uzbekistan,ÃµÅæ,ASIA,refined
135.116,88.491,87.851,135.772,161.005,190.564,190.237,195.958,229.744,201.435,228.000,228.000,228.000,µ¿,Vietnam,ÃµÅæ,ASIA,refined
28.434,26.586,24.121,24.351,25.027,15.367,14.559,14.502,14.625,13.281,13.941,16.761,16.850,µ¿,Argentina,ÃµÅæ,AMERICA,refined
399.785,432.438,394.636,384.475,321.472,292.514,281.712,291.276,304.375,223.954,242.401,249.505,255.428,µ¿,Brazil,ÃµÅæ,AMERICA,refined
144.012,154.910,157.400,172.231,148.807,170.386,177.840,198.377,194.076,165.385,190.804,161.313,154.703,µ¿,Canada,ÃµÅæ,AMERICA,refined
96.200,95.600,94.900,94.800,79.100,83.800,70.000,55.000,44.900,46.200,62.500,62.800,71.400,µ¿,Chile,ÃµÅæ,AMERICA,refined
8.050,4.866,10.659,3.182,1.623,1.309,0.067,0.085,0.044,0.062,0.120,0.120,0.063,µ¿,Colombia,ÃµÅæ,AMERICA,refined
329.525,322.335,333.919,360.617,393.208,423.256,360.799,406.866,441.646,405.268,453.129,353.945,448.136,µ¿,Mexico,ÃµÅæ,AMERICA,refined
55.020,55.020,55.020,55.020,67.041,55.044,40.877,44.970,50.082,32.888,73.843,85.309,74.192,µ¿,Peru,ÃµÅæ,AMERICA,refined
1744.690,1758.000,1826.320,1767.000,1796.000,1811.000,1771.000,1814.000,1829.000,1706.000,1766.000,1717.000,1567.000,µ¿,U.S.A.,ÃµÅæ,AMERICA,refined
5.200,3.500,5.978,3.158,5.400,0.604,0.907,0.700,0.007,0.000,0.000,0.000,0.000,µ¿,Venezuela,ÃµÅæ,AMERICA,refined
120.075,129.202,62.326,25.573,26.644,23.005,32.224,22.624,19.978,30.619,30.037,46.665,36.874,µ¿,Australia,ÃµÅæ,OCEANIA,refined
0.007,0.000,0.001,0.000,0.008,0.000,0.003,0.001,0.002,0.000,0.004,0.002,0.000,µ¿,New Zealand,ÃµÅæ,OCEANIA,refined
0.960,1.500,1.685,1.300,1.993,2.955,3.145,1.970,1.993,2.239,1.352,1.032,1.100,¿¬,Albania,ÃµÅæ,EUROPE,refined
43.545,40.330,53.571,42.557,38.571,34.546,37.878,42.173,37.061,29.195,22.617,15.590,25.557,¿¬,Austria,ÃµÅæ,EUROPE,refined
35.000,35.000,35.000,35.000,35.000,35.000,35.000,35.000,35.000,35.000,35.000,35.000,35.000,¿¬,Belgium,ÃµÅæ,EUROPE,refined
3.600,3.600,3.600,3.600,3.600,3.600,3.600,3.600,3.600,3.600,3.600,3.600,3.600,¿¬,Bosnia,ÃµÅæ,EUROPE,refined
11.000,8.000,8.000,24.143,24.138,40.045,41.200,41.945,38.275,42.992,35.512,35.500,32.906,¿¬,Bulgaria,ÃµÅæ,EUROPE,refined
2.400,2.400,2.400,2.400,2.400,2.400,2.400,2.400,2.400,2.400,2.400,2.400,2.400,¿¬,Croatia,ÃµÅæ,EUROPE,refined
47.314,74.643,116.836,140.017,128.630,144.198,147.058,97.935,118.286,107.391,142.329,160.119,98.355,¿¬,Czech Republic,ÃµÅæ,EUROPE,refined
3.600,3.600,3.600,3.600,3.600,3.600,3.600,3.600,0.120,0.120,0.088,0.051,0.058,¿¬,Denmark,ÃµÅæ,EUROPE,refined
7.627,3.528,3.000,2.116,0.268,1.474,1.200,6.922,6.900,4.555,4.600,4.600,5.513,¿¬,Estonia,ÃµÅæ,EUROPE,refined
2.435,3.821,4.145,4.244,4.087,4.812,7.306,7.145,6.401,4.836,3.832,13.424,17.247,¿¬,Finland,ÃµÅæ,EUROPE,refined
74.638,62.384,57.475,69.679,77.184,78.240,84.150,75.628,77.413,62.000,52.808,61.092,55.380,¿¬,France,ÃµÅæ,EUROPE,refined
374.293,380.546,392.419,336.912,356.800,373.500,413.464,388.600,390.300,372.700,331.700,351.200,436.100,¿¬,Germany,ÃµÅæ,EUROPE,refined
14.874,6.736,11.368,20.984,25.142,26.134,38.078,32.443,32.356,31.025,45.704,67.946,77.581,¿¬,Greece,ÃµÅæ,EUROPE,refined
8.466,8.702,7.515,8.692,20.190,20.103,20.343,25.756,24.637,22.552,18.530,23.654,28.604,¿¬,Hungary,ÃµÅæ,EUROPE,refined
33.323,21.795,18.347,20.173,21.115,22.495,22.908,20.882,20.299,15.900,8.115,8.456,6.174,¿¬,Ireland,ÃµÅæ,EUROPE,refined
233.426,194.613,234.835,258.212,231.927,218.093,215.096,221.627,194.841,184.674,162.364,189.401,232.825,¿¬,Italy,ÃµÅæ,EUROPE,refined
4.200,4.200,4.200,4.200,4.320,3.653,4.240,3.687,5.980,4.788,10.051,11.782,5.389,¿¬,Macedonia,ÃµÅæ,EUROPE,refined
12.617,16.443,11.611,12.000,12.000,12.000,12.000,12.000,12.000,12.000,12.000,12.000,12.000,¿¬,Netherlands,ÃµÅæ,EUROPE,refined
0.893,0.870,0.764,0.790,0.379,0.598,1.333,0.790,0.388,0.484,0.396,0.194,0.059,¿¬,Norway,ÃµÅæ,EUROPE,refined
117.662,122.645,130.677,124.910,152.441,185.556,192.890,200.748,192.196,180.067,174.918,138.021,188.002,¿¬,Poland,ÃµÅæ,EUROPE,refined
7.713,10.028,14.522,16.535,17.738,16.624,17.493,26.988,22.798,21.597,21.477,18.456,28.305,¿¬,Portugal,ÃµÅæ,EUROPE,refined
3.247,2.598,4.400,11.025,17.260,18.797,17.080,14.951,16.665,14.747,18.666,23.852,27.177,¿¬,Romania,ÃµÅæ,EUROPE,refined
17.414,17.337,22.166,13.146,72.689,69.166,89.540,104.331,117.702,106.324,74.307,65.400,66.000,¿¬,Russia,ÃµÅæ,EUROPE,refined
9.988,16.200,16.367,17.394,18.434,7.944,8.997,11.344,8.002,7.022,8.217,8.940,7.025,¿¬,Serbia,ÃµÅæ,EUROPE,refined
1.800,1.800,7.713,6.495,5.826,6.469,7.162,6.880,6.853,6.468,6.478,7.056,7.529,¿¬,Slovakia,ÃµÅæ,EUROPE,refined
19.465,20.050,22.895,25.146,27.207,35.318,38.045,37.598,45.182,35.604,43.592,51.435,31.181,¿¬,Slovenia,ÃµÅæ,EUROPE,refined
269.596,244.104,254.112,249.251,237.880,265.521,283.259,273.388,294.341,280.053,283.215,250.101,263.031,¿¬,Spain,ÃµÅæ,EUROPE,refined
3.509,17.041,4.544,3.860,11.400,5.881,2.284,4.560,3.916,3.900,3.900,1.272,1.303,¿¬,Sweden,ÃµÅæ,EUROPE,refined
1.230,1.550,2.778,0.579,1.176,1.745,2.223,2.713,3.125,2.327,1.857,1.571,1.524,¿¬,Switzerland,ÃµÅæ,EUROPE,refined
86.121,63.213,56.200,38.075,25.060,17.482,21.847,24.322,31.083,29.213,62.100,60.089,59.786,¿¬,Ukraine,ÃµÅæ,EUROPE,refined
210.927,229.044,240.763,221.548,163.998,219.964,249.827,226.183,241.323,182.870,294.832,342.229,341.004,¿¬,United Kingdom,ÃµÅæ,EUROPE,refined
13.363,9.786,12.100,11.294,12.552,10.468,10.274,9.549,9.000,9.000,9.594,9.711,9.438,¿¬,Algeria,ÃµÅæ,AFRICA,refined
2.299,5.555,2.047,1.220,3.828,0.354,0.120,0.120,0.120,0.120,0.120,0.326,0.098,¿¬,Egypt,ÃµÅæ,AFRICA,refined
0.400,0.380,0.737,0.388,1.222,1.519,1.542,1.352,1.346,1.834,2.035,1.893,1.555,¿¬,Kenya,ÃµÅæ,AFRICA,refined
5.900,3.464,10.500,7.536,9.243,10.919,8.037,6.420,7.000,7.044,8.204,7.733,7.300,¿¬,Morocco,ÃµÅæ,AFRICA,refined
2.936,2.953,2.363,7.609,2.448,2.809,2.809,2.820,2.820,2.770,3.000,3.000,3.000,¿¬,Nigeria,ÃµÅæ,AFRICA,refined
68.692,69.490,74.072,63.788,64.666,57.288,57.952,56.628,52.732,50.707,54.487,49.728,45.786,¿¬,South Africa,ÃµÅæ,AFRICA,refined
5.100,7.800,2.678,2.900,1.099,0.825,0.800,0.800,0.800,1.178,1.200,1.118,1.856,¿¬,Tunisia,ÃµÅæ,AFRICA,refined
0.624,1.099,2.075,0.570,0.306,2.622,3.962,4.281,5.887,4.310,5.574,4.431,4.922,¿¬,Zambia,ÃµÅæ,AFRICA,refined
0.000,0.000,0.000,0.000,24.569,17.467,27.860,32.686,19.186,24.629,12.874,10.847,35.559,¿¬,Bangladesh,ÃµÅæ,ASIA,refined
4618.298,4617.844,4926.834,4682.420,4379.606,4593.448,4804.779,5065.290,5339.628,4997.882,7288.764,7697.375,7381.225,¿¬,China,ÃµÅæ,ASIA,refined
4.108,2.239,3.000,3.600,3.489,1.723,1.720,1.719,1.720,1.720,3.420,3.600,3.600,¿¬,Hong Kong,ÃµÅæ,ASIA,refined
419.625,524.373,428.352,521.202,538.612,747.959,799.796,857.336,887.180,803.484,835.992,903.215,915.955,¿¬,India,ÃµÅæ,ASIA,refined
129.632,116.538,119.540,102.983,95.320,106.372,108.081,108.619,110.861,86.857,105.111,94.133,76.309,¿¬,Indonesia,ÃµÅæ,ASIA,refined
43.758,79.700,60.600,58.800,69.200,101.660,118.269,117.971,121.645,125.300,117.063,121.511,104.643,¿¬,Iran,ÃµÅæ,ASIA,refined
31.277,30.684,30.164,30.500,30.500,9.905,9.819,9.732,3.607,2.047,2.000,7.926,4.453,¿¬,Israel,ÃµÅæ,ASIA,refined
236.034,273.017,252.300,254.466,268.933,264.444,286.974,271.439,252.181,271.635,262.279,260.667,255.183,¿¬,Japan,ÃµÅæ,ASIA,refined
8.600,8.600,8.600,8.600,8.600,8.600,8.600,8.600,8.400,8.400,8.400,8.400,8.400,¿¬,Kazakhstan,ÃµÅæ,ASIA,refined
0.000,0.000,0.000,0.000,8.537,0.000,15.090,6.576,10.200,10.200,10.200,10.200,10.200,¿¬,Lebanon,ÃµÅæ,ASIA,refined
73.784,25.849,25.849,26.680,29.501,44.261,40.261,40.300,40.300,40.300,40.308,40.300,40.595,¿¬,Malaysia,ÃµÅæ,ASIA,refined
6.996,7.829,12.000,10.694,9.241,0.960,1.200,2.298,2.300,2.300,2.300,2.320,2.320,¿¬,North Korea,ÃµÅæ,ASIA,refined
9.029,9.917,10.325,7.327,5.373,7.327,3.233,0.444,2.790,2.842,2.705,3.016,1.650,¿¬,Oman,ÃµÅæ,ASIA,refined
21.100,16.500,47.338,42.027,38.170,41.673,31.804,37.396,36.109,29.195,38.127,17.758,34.831,¿¬,Pakistan,ÃµÅæ,ASIA,refined
34.809,35.995,41.949,39.514,41.098,42.382,42.101,47.230,51.959,39.729,45.702,38.673,45.354,¿¬,Philippines,ÃµÅæ,ASIA,refined
67.084,59.663,57.434,45.834,49.352,63.274,62.312,61.700,47.426,46.026,39.973,30.960,32.832,¿¬,Saudi Arabia,ÃµÅæ,ASIA,refined
12.000,12.000,12.000,12.000,12.000,12.000,12.000,12.000,12.000,12.000,12.000,12.000,12.000,¿¬,Singapore,ÃµÅæ,ASIA,refined
426.588,429.259,550.321,563.889,576.890,603.932,623.989,615.404,622.904,611.862,668.055,543.268,494.297,¿¬,South Korea,ÃµÅæ,ASIA,refined
110.114,108.093,107.211,85.195,101.429,108.670,114.283,103.803,127.918,111.830,89.047,71.927,99.760,¿¬,Taiwan,ÃµÅæ,ASIA,refined
156.275,154.483,149.919,144.276,144.402,156.530,153.135,158.588,164.223,147.231,139.111,122.939,118.155,¿¬,Thailand,ÃµÅæ,ASIA,refined
130.631,114.017,133.991,150.404,147.246,154.522,173.617,180.505,178.091,176.161,195.892,222.191,193.814,¿¬,Turkey,ÃµÅæ,ASIA,refined
38.452,51.869,56.879,69.682,101.152,134.088,149.403,180.108,159.337,215.381,172.290,177.982,158.689,¿¬,Vietnam,ÃµÅæ,ASIA,refined
66.345,71.179,71.585,72.485,65.182,22.372,18.907,23.474,14.853,17.751,20.107,20.411,20.244,¿¬,Argentina,ÃµÅæ,AMERICA,refined
217.133,237.723,234.305,228.647,240.245,278.906,314.277,303.408,300.944,293.821,346.455,340.051,345.293,¿¬,Brazil,ÃµÅæ,AMERICA,refined
14.609,18.977,20.011,14.902,16.067,14.958,15.530,15.965,15.685,17.264,17.105,17.319,18.093,¿¬,Canada,ÃµÅæ,AMERICA,refined
6.000,6.000,6.000,6.000,6.000,6.000,6.000,6.000,6.000,6.000,3.273,5.808,8.003,¿¬,Chile,ÃµÅæ,AMERICA,refined
48.464,47.788,43.149,51.352,55.102,54.807,50.821,51.042,50.633,51.633,57.027,61.206,49.123,¿¬,Colombia,ÃµÅæ,AMERICA,refined
7.007,8.045,8.418,8.467,8.597,5.928,4.460,4.215,4.587,4.758,4.256,4.349,4.347,¿¬,Cuba,ÃµÅæ,AMERICA,refined
0.000,0.000,0.000,0.000,0.400,3.152,1.465,1.718,1.041,1.027,4.511,4.800,4.800,¿¬,Ecuador,ÃµÅæ,AMERICA,refined
0.000,11.032,12.013,11.982,12.019,12.002,12.084,12.105,11.809,11.087,12.064,12.012,12.036,¿¬,Guatemala,ÃµÅæ,AMERICA,refined
276.938,280.892,187.994,220.789,369.900,312.346,313.450,317.794,329.929,314.905,345.581,318.303,358.343,¿¬,Mexico,ÃµÅæ,AMERICA,refined
8.000,8.371,5.189,3.685,2.819,5.600,4.357,6.559,6.338,6.000,5.875,4.917,6.543,¿¬,Peru,ÃµÅæ,AMERICA,refined
1410.000,1360.000,1750.000,1510.000,1960.000,1600.000,1770.000,1630.000,1650.000,1500.000,1570.000,1580.000,1488.100,¿¬,U.S.A.,ÃµÅæ,AMERICA,refined
39.378,40.457,39.754,43.904,20.343,16.614,14.298,5.733,5.254,6.927,6.670,5.953,5.214,¿¬,Venezuela,ÃµÅæ,AMERICA,refined
22.000,17.100,20.632,17.345,16.024,14.963,16.575,16.884,17.671,13.021,8.246,11.325,10.584,¿¬,Australia,ÃµÅæ,OCEANIA,refined
3.118,1.600,0.650,0.403,0.253,0.325,0.239,0.182,0.176,0.288,0.303,0.413,0.280,¿¬,New Zealand,ÃµÅæ,OCEANIA,refined
9.334,8.391,7.965,7.571,6.667,7.021,8.423,7.978,9.052,10.016,6.101,7.152,8.386,´ÏÄÌ,Austria,ÃµÅæ,EUROPE,refined
29.794,18.827,26.000,29.129,35.022,31.415,29.080,34.137,35.190,33.392,34.046,25.826,34.825,´ÏÄÌ,Belgium,ÃµÅæ,EUROPE,refined
0.157,0.125,0.141,0.137,0.167,0.120,0.114,0.134,0.149,0.179,0.211,0.185,0.149,´ÏÄÌ,Bulgaria,ÃµÅæ,EUROPE,refined
3.595,1.891,0.410,3.011,2.882,2.997,2.870,2.163,2.223,2.000,2.297,1.513,1.827,´ÏÄÌ,Czech Republic,ÃµÅæ,EUROPE,refined
0.046,0.189,0.063,0.056,0.242,0.372,0.346,0.589,0.544,0.397,0.269,0.560,0.517,´ÏÄÌ,Denmark,ÃµÅæ,EUROPE,refined
29.002,25.141,15.367,19.505,27.126,32.559,31.489,27.254,28.638,26.800,25.911,37.298,34.689,´ÏÄÌ,Finland,ÃµÅæ,EUROPE,refined
29.674,27.014,22.770,28.333,29.242,26.451,29.456,32.810,34.492,29.312,31.511,34.825,34.776,´ÏÄÌ,France,ÃµÅæ,EUROPE,refined
88.404,88.790,66.146,62.158,60.201,57.552,64.453,60.624,57.271,49.740,56.959,59.851,51.070,´ÏÄÌ,Germany,ÃµÅæ,EUROPE,refined
0.180,0.180,0.180,0.180,0.180,0.180,0.180,0.180,0.180,0.180,0.180,0.180,0.180,´ÏÄÌ,Greece,ÃµÅæ,EUROPE,refined
0.115,0.119,0.244,0.403,0.453,0.496,0.848,0.418,0.215,0.233,0.167,0.132,0.120,´ÏÄÌ,Hungary,ÃµÅæ,EUROPE,refined
65.773,64.691,59.421,60.044,60.466,56.033,60.086,58.486,45.013,39.154,51.765,45.094,40.071,´ÏÄÌ,Italy,ÃµÅæ,EUROPE,refined
1.200,1.200,1.200,1.200,1.200,1.200,1.200,1.200,1.200,1.200,1.200,1.200,1.200,´ÏÄÌ,Macedonia,ÃµÅæ,EUROPE,refined
0.300,0.300,0.300,0.300,0.300,0.300,0.300,0.300,0.300,0.300,0.300,0.300,0.300,´ÏÄÌ,Norway,ÃµÅæ,EUROPE,refined
2.519,2.300,3.000,3.000,3.036,4.000,3.858,4.146,2.802,4.385,4.819,4.291,3.292,´ÏÄÌ,Poland,ÃµÅæ,EUROPE,refined
0.000,0.202,0.307,0.239,0.367,0.305,0.320,0.291,0.287,0.254,0.258,0.241,0.257,´ÏÄÌ,Portugal,ÃµÅæ,EUROPE,refined
0.463,0.394,0.517,0.543,0.728,0.717,0.713,0.578,0.549,0.424,0.427,0.534,0.437,´ÏÄÌ,Romania,ÃµÅæ,EUROPE,refined
24.000,29.793,24.802,10.071,13.738,24.000,22.158,24.000,17.351,15.985,16.200,16.200,16.200,´ÏÄÌ,Russia,ÃµÅæ,EUROPE,refined
0.000,0.128,0.176,0.109,0.131,0.129,0.168,0.337,0.257,0.117,0.233,0.120,0.120,´ÏÄÌ,Serbia,ÃµÅæ,EUROPE,refined
0.637,0.807,1.417,1.118,2.407,2.840,3.453,4.725,4.745,3.821,3.843,3.173,2.784,´ÏÄÌ,Slovenia,ÃµÅæ,EUROPE,refined
29.225,32.464,31.770,32.593,31.473,34.603,30.651,39.387,30.260,23.101,27.531,23.997,21.569,´ÏÄÌ,Spain,ÃµÅæ,EUROPE,refined
29.688,22.222,23.650,25.926,23.951,30.205,31.211,32.792,33.153,24.392,24.145,20.873,21.105,´ÏÄÌ,Sweden,ÃµÅæ,EUROPE,refined
0.671,0.595,0.678,0.567,0.718,0.680,0.655,0.579,0.517,0.462,0.608,0.636,0.496,´ÏÄÌ,Switzerland,ÃµÅæ,EUROPE,refined
7.428,3.039,4.844,5.152,2.365,3.387,3.051,2.920,2.817,2.776,2.386,0.675,0.413,´ÏÄÌ,Ukraine,ÃµÅæ,EUROPE,refined
18.600,18.700,15.500,21.788,18.360,22.294,23.976,23.097,19.217,19.230,8.698,14.303,19.462,´ÏÄÌ,United Kingdom,ÃµÅæ,EUROPE,refined
33.620,31.995,35.246,31.458,41.630,45.768,48.825,48.885,36.060,23.156,17.373,14.774,8.681,´ÏÄÌ,South Africa,ÃµÅæ,AFRICA,refined
702.597,804.920,909.200,654.118,843.149,897.659,982.018,1096.418,1304.292,1415.717,1651.338,1747.482,2050.164,´ÏÄÌ,China,ÃµÅæ,ASIA,refined
12.000,12.000,12.000,12.000,12.000,12.000,12.000,12.000,12.000,12.000,12.000,12.000,12.000,´ÏÄÌ,Hong Kong,ÃµÅæ,ASIA,refined
26.928,32.964,37.996,27.019,37.080,57.367,82.140,72.073,58.480,64.078,75.237,56.173,47.271,´ÏÄÌ,India,ÃµÅæ,ASIA,refined
0.780,0.780,0.780,0.780,0.780,0.780,61.149,176.413,180.701,223.407,400.305,375.135,315.375,´ÏÄÌ,Indonesia,ÃµÅæ,ASIA,refined
173.588,159.317,158.651,157.425,150.597,161.945,162.777,175.156,154.688,148.789,168.008,181.918,159.443,´ÏÄÌ,Japan,ÃµÅæ,ASIA,refined
0.423,0.000,0.000,0.000,0.000,0.000,0.000,0.000,0.000,0.000,0.000,0.000,0.000,´ÏÄÌ,Kazakhstan,ÃµÅæ,ASIA,refined
1.156,4.670,9.120,9.120,9.000,9.000,9.000,9.000,9.000,9.000,9.000,9.000,9.000,´ÏÄÌ,Malaysia,ÃµÅæ,ASIA,refined
0.480,0.480,0.480,0.480,0.480,0.480,0.480,0.536,0.540,0.540,0.540,0.540,0.540,´ÏÄÌ,North Korea,ÃµÅæ,ASIA,refined
0.000,0.068,0.183,0.180,0.395,0.160,0.254,0.940,0.374,0.112,0.475,0.588,0.592,´ÏÄÌ,Philippines,ÃµÅæ,ASIA,refined
0.241,0.154,0.097,0.216,0.080,0.091,0.167,0.276,0.306,0.224,0.895,1.430,1.353,´ÏÄÌ,Saudi Arabia,ÃµÅæ,ASIA,refined
4.080,4.080,4.080,4.040,4.000,4.000,4.000,4.000,4.000,4.000,4.000,4.000,4.000,´ÏÄÌ,Singapore,ÃµÅæ,ASIA,refined
97.772,107.069,107.321,100.301,85.206,101.519,104.035,113.825,115.092,84.099,110.876,96.800,95.451,´ÏÄÌ,South Korea,ÃµÅæ,ASIA,refined
53.199,56.833,52.747,65.796,60.000,65.864,84.275,87.681,84.100,40.200,72.834,47.394,36.769,´ÏÄÌ,Taiwan,ÃµÅæ,ASIA,refined
0.600,2.886,2.520,2.325,3.019,3.349,3.699,2.887,2.422,1.944,2.938,2.309,3.277,´ÏÄÌ,Thailand,ÃµÅæ,ASIA,refined
3.931,3.757,3.909,3.899,5.081,4.701,4.289,5.243,5.003,4.421,5.154,5.361,4.847,´ÏÄÌ,Turkey,ÃµÅæ,ASIA,refined
1.800,1.800,1.800,1.800,1.800,1.800,1.800,1.800,1.800,1.800,1.800,1.800,1.800,´ÏÄÌ,United Arab Emirates,ÃµÅæ,ASIA,refined
1.200,1.200,1.200,1.200,1.200,1.200,1.200,1.200,1.200,1.200,1.200,1.200,1.200,´ÏÄÌ,Vietnam,ÃµÅæ,ASIA,refined
0.974,0.806,0.892,0.501,0.528,0.475,0.535,0.523,0.526,0.274,0.544,0.443,0.452,´ÏÄÌ,Argentina,ÃµÅæ,AMERICA,refined
26.910,22.455,21.180,26.616,18.062,25.506,22.269,22.376,16.480,12.062,17.697,17.782,11.645,´ÏÄÌ,Brazil,ÃµÅæ,AMERICA,refined
4.261,4.677,4.902,13.644,10.119,11.042,6.756,6.833,5.754,5.290,5.714,7.557,6.058,´ÏÄÌ,Canada,ÃµÅæ,AMERICA,refined
0.105,0.054,0.112,0.105,0.099,0.080,0.095,0.118,0.115,0.102,0.062,0.124,0.057,´ÏÄÌ,Chile,ÃµÅæ,AMERICA,refined
0.120,0.120,0.120,0.120,0.120,0.120,0.120,0.120,0.120,0.120,0.120,0.120,0.120,´ÏÄÌ,Cuba,ÃµÅæ,AMERICA,refined
2.261,2.324,2.339,2.936,3.440,3.917,3.937,3.719,3.438,3.003,3.364,3.347,3.347,´ÏÄÌ,Mexico,ÃµÅæ,AMERICA,refined
130.219,124.802,118.748,148.218,120.019,104.992,144.023,136.343,105.612,97.832,99.024,115.456,102.252,´ÏÄÌ,U.S.A.,ÃµÅæ,AMERICA,refined
1.600,1.600,1.600,1.600,1.608,1.600,1.600,1.600,1.600,1.600,1.600,1.600,1.600,´ÏÄÌ,Australia,ÃµÅæ,OCEANIA,refined
0.040,0.031,0.049,0.043,0.030,0.025,0.016,0.013,0.014,0.017,0.018,0.013,0.008,´ÏÄÌ,New Zealand,ÃµÅæ,OCEANIA,refined
3.200,2.978,3.097,3.715,3.438,3.189,4.055,3.983,3.082,2.960,3.984,4.403,2.925,ÁÖ¼®,Austria,ÃµÅæ,EUROPE,refined
2.400,2.400,2.400,2.400,2.400,2.400,0.697,0.720,0.720,0.720,0.720,0.720,0.720,ÁÖ¼®,Belgium,ÃµÅæ,EUROPE,refined
0.520,0.500,0.350,0.240,0.144,0.101,0.001,0.117,0.210,0.240,0.240,0.240,0.240,ÁÖ¼®,Bulgaria,ÃµÅæ,EUROPE,refined
0.470,0.474,0.379,0.300,0.460,0.515,0.532,0.603,0.605,0.335,0.439,0.293,0.407,ÁÖ¼®,Czech Republic,ÃµÅæ,EUROPE,refined
0.108,0.013,0.026,0.011,0.008,0.003,0.017,0.007,0.001,0.010,0.017,0.000,0.000,ÁÖ¼®,Denmark,ÃµÅæ,EUROPE,refined
0.131,0.121,0.076,0.244,0.211,0.086,0.049,0.077,0.094,0.072,0.095,0.075,0.077,ÁÖ¼®,Finland,ÃµÅæ,EUROPE,refined
4.839,4.323,4.370,5.203,4.382,4.736,5.456,6.096,5.020,4.982,3.643,3.906,2.576,ÁÖ¼®,France,ÃµÅæ,EUROPE,refined
20.098,17.592,18.011,18.835,17.931,18.242,20.022,20.236,18.441,14.898,16.151,16.831,12.956,ÁÖ¼®,Germany,ÃµÅæ,EUROPE,refined
1.350,0.630,0.616,0.676,0.655,0.632,0.600,0.646,0.634,0.637,0.646,0.632,0.631,ÁÖ¼®,Greece,ÃµÅæ,EUROPE,refined
0.106,0.105,0.114,0.115,0.163,0.145,1.191,2.050,2.036,1.714,1.745,1.543,1.491,ÁÖ¼®,Hungary,ÃµÅæ,EUROPE,refined
0.048,0.007,0.003,0.003,0.007,0.004,0.000,0.002,0.000,0.000,0.001,0.002,0.000,ÁÖ¼®,Ireland,ÃµÅæ,EUROPE,refined
4.807,3.111,3.036,3.760,3.017,3.495,3.840,4.678,4.215,3.402,4.136,5.521,3.385,ÁÖ¼®,Italy,ÃµÅæ,EUROPE,refined
4.867,4.500,7.399,7.200,6.000,6.000,6.000,6.000,6.000,5.400,5.400,5.400,5.400,ÁÖ¼®,Netherlands,ÃµÅæ,EUROPE,refined
0.005,0.009,0.005,0.003,0.003,0.000,0.001,0.001,0.001,0.010,0.000,0.000,0.000,ÁÖ¼®,Norway,ÃµÅæ,EUROPE,refined
1.802,2.085,2.435,2.445,2.722,3.669,3.525,3.723,3.335,1.580,1.012,0.968,1.654,ÁÖ¼®,Poland,ÃµÅæ,EUROPE,refined
0.529,0.435,0.388,0.482,0.408,0.554,0.856,0.891,0.831,0.463,0.476,0.815,0.229,ÁÖ¼®,Portugal,ÃµÅæ,EUROPE,refined
1.140,0.960,0.960,0.960,0.840,0.336,0.508,0.866,0.551,0.442,0.544,0.350,0.448,ÁÖ¼®,Romania,ÃµÅæ,EUROPE,refined
2.298,2.567,2.035,1.826,1.144,0.995,2.139,1.377,2.415,1.743,2.015,2.044,2.040,ÁÖ¼®,Russia,ÃµÅæ,EUROPE,refined
0.400,0.240,0.222,0.404,0.511,0.465,0.645,0.767,0.593,0.614,0.669,0.612,0.530,ÁÖ¼®,Serbia,ÃµÅæ,EUROPE,refined
2.032,1.303,1.899,1.915,1.864,1.495,1.604,1.652,1.563,1.898,1.696,1.909,1.291,ÁÖ¼®,Slovakia,ÃµÅæ,EUROPE,refined
5.742,2.910,4.688,6.435,5.682,6.492,5.463,6.020,5.835,5.343,6.105,5.427,5.767,ÁÖ¼®,Spain,ÃµÅæ,EUROPE,refined
0.200,0.055,0.074,0.066,0.081,0.047,0.069,0.045,0.060,0.044,0.053,0.044,0.044,ÁÖ¼®,Sweden,ÃµÅæ,EUROPE,refined
0.703,0.780,0.821,0.794,0.962,0.979,0.936,0.961,0.262,0.102,0.080,0.093,0.082,ÁÖ¼®,Switzerland,ÃµÅæ,EUROPE,refined
2.390,1.320,1.140,1.080,1.080,1.080,1.080,1.080,1.080,0.240,0.960,0.960,0.960,ÁÖ¼®,United Kingdom,ÃµÅæ,EUROPE,refined
0.400,0.115,0.217,0.000,0.155,0.110,0.151,0.225,0.174,0.139,0.117,0.069,0.074,ÁÖ¼®,Egypt,ÃµÅæ,AFRICA,refined
0.084,0.084,0.027,0.013,0.016,0.021,0.015,0.022,0.020,0.022,0.027,0.015,0.044,ÁÖ¼®,Morocco,ÃµÅæ,AFRICA,refined
0.300,0.300,0.300,0.300,0.300,0.300,0.623,1.436,1.322,0.240,0.240,0.240,0.240,ÁÖ¼®,Nigeria,ÃµÅæ,AFRICA,refined
1.464,1.200,1.152,1.243,1.129,1.047,0.957,0.633,0.604,0.326,0.351,0.445,0.383,ÁÖ¼®,South Africa,ÃµÅæ,AFRICA,refined
176.449,176.161,169.292,193.934,176.142,191.415,182.082,174.183,177.891,216.152,191.061,182.079,189.555,ÁÖ¼®,China,ÃµÅæ,ASIA,refined
1.800,1.800,1.800,1.800,1.800,1.800,1.800,3.300,3.600,0.480,1.359,1.560,1.560,ÁÖ¼®,Hong Kong,ÃµÅæ,ASIA,refined
10.115,9.985,10.407,11.870,8.657,9.088,10.041,11.365,10.615,9.734,10.566,12.503,12.315,ÁÖ¼®,India,ÃµÅæ,ASIA,refined
1.200,1.200,0.600,1.200,1.200,1.200,1.200,1.200,1.200,1.200,1.200,1.200,1.200,ÁÖ¼®,Indonesia,ÃµÅæ,ASIA,refined
2.400,1.292,0.797,0.872,1.129,0.987,1.058,1.573,1.779,1.340,1.307,1.398,2.605,ÁÖ¼®,Iran,ÃµÅæ,ASIA,refined
0.195,0.120,0.120,0.120,0.079,0.044,0.060,0.024,0.060,0.068,0.074,0.060,0.056,ÁÖ¼®,Israel,ÃµÅæ,ASIA,refined
26.936,27.657,28.272,27.090,26.762,26.113,29.111,28.084,24.905,20.279,28.222,24.620,18.783,ÁÖ¼®,Japan,ÃµÅæ,ASIA,refined
1.044,0.606,0.602,0.431,0.423,0.490,0.431,0.405,0.350,0.287,0.114,0.395,0.100,ÁÖ¼®,Kazakhstan,ÃµÅæ,ASIA,refined
4.364,2.083,1.872,1.581,1.560,2.238,1.560,1.560,1.441,1.560,1.560,1.560,1.560,ÁÖ¼®,Malaysia,ÃµÅæ,ASIA,refined
0.274,0.417,0.443,0.618,0.480,0.246,0.262,0.489,0.311,0.194,0.332,0.299,0.138,ÁÖ¼®,Pakistan,ÃµÅæ,ASIA,refined
0.217,0.122,0.143,0.225,0.118,0.506,0.220,0.348,1.577,0.776,1.046,0.681,0.419,ÁÖ¼®,Philippines,ÃµÅæ,ASIA,refined
2.000,2.000,2.000,1.998,2.000,1.960,1.920,1.920,1.920,1.720,1.920,1.920,1.920,ÁÖ¼®,Singapore,ÃµÅæ,ASIA,refined
14.404,16.238,14.533,13.772,13.091,14.199,13.112,13.927,11.957,13.405,14.457,13.032,13.398,ÁÖ¼®,South Korea,ÃµÅæ,ASIA,refined
0.180,0.120,0.120,0.120,0.120,0.120,0.120,0.120,0.000,0.000,0.000,0.000,0.000,ÁÖ¼®,Syria,ÃµÅæ,ASIA,refined
8.093,7.071,8.609,7.183,7.403,6.940,7.279,7.376,8.369,10.096,8.772,8.951,7.700,ÁÖ¼®,Taiwan,ÃµÅæ,ASIA,refined
3.540,3.538,4.500,3.952,3.074,3.131,4.259,3.000,3.000,3.000,3.000,3.000,3.000,ÁÖ¼®,Thailand,ÃµÅæ,ASIA,refined
2.422,2.135,2.337,2.259,2.136,2.416,3.110,3.215,3.202,3.746,4.158,4.654,3.250,ÁÖ¼®,Turkey,ÃµÅæ,ASIA,refined
3.000,2.400,2.400,2.400,4.200,4.800,4.800,3.600,3.600,2.160,2.160,2.160,2.160,ÁÖ¼®,United Arab Emirates,ÃµÅæ,ASIA,refined
2.000,2.000,3.600,5.457,6.000,6.000,6.000,4.200,3.600,4.639,4.622,4.560,4.560,ÁÖ¼®,Vietnam,ÃµÅæ,ASIA,refined
0.778,0.752,0.882,0.564,0.833,0.878,0.596,0.674,0.420,1.108,0.799,0.397,0.623,ÁÖ¼®,Argentina,ÃµÅæ,AMERICA,refined
0.480,0.480,0.480,0.480,0.480,0.480,0.480,0.480,0.480,0.480,0.480,0.480,0.480,ÁÖ¼®,Bolivia,ÃµÅæ,AMERICA,refined
7.670,5.901,8.794,14.934,10.965,11.258,5.445,4.497,3.266,3.333,2.466,2.804,3.342,ÁÖ¼®,Brazil,ÃµÅæ,AMERICA,refined
2.882,2.601,2.360,2.740,3.238,2.887,2.562,2.489,2.393,1.994,3.282,2.003,1.774,ÁÖ¼®,Canada,ÃµÅæ,AMERICA,refined
0.242,0.197,0.132,0.096,0.152,0.111,0.082,0.095,0.111,0.133,0.130,0.130,0.124,ÁÖ¼®,Chile,ÃµÅæ,AMERICA,refined
0.383,0.320,0.307,0.286,0.243,0.300,0.243,0.271,0.248,0.237,0.183,0.162,0.181,ÁÖ¼®,Colombia,ÃµÅæ,AMERICA,refined
3.898,3.493,3.376,3.642,3.615,4.160,4.095,4.906,4.779,4.406,4.602,3.306,3.682,ÁÖ¼®,Mexico,ÃµÅæ,AMERICA,refined
0.216,0.216,0.220,0.216,0.216,0.216,0.216,0.216,0.216,0.198,0.216,0.216,0.216,ÁÖ¼®,Peru,ÃµÅæ,AMERICA,refined
31.935,30.691,29.193,28.800,31.354,29.455,31.476,34.664,31.297,29.191,34.539,30.945,24.716,ÁÖ¼®,U.S.A.,ÃµÅæ,AMERICA,refined
0.335,0.205,0.164,0.173,0.090,0.059,0.040,0.016,0.012,0.010,0.012,0.012,0.012,ÁÖ¼®,Venezuela,ÃµÅæ,AMERICA,refined
0.579,0.480,0.516,0.427,0.467,0.215,0.280,0.346,0.421,0.355,0.317,0.401,0.258,ÁÖ¼®,Australia,ÃµÅæ,OCEANIA,refined
0.066,0.073,0.019,0.018,0.019,0.007,0.049,0.046,0.041,0.030,0.065,0.055,0.080,ÁÖ¼®,New Zealand,ÃµÅæ,OCEANIA,refined
38.567,45.728,61.544,59.220,57.647,59.202,62.181,62.161,62.161,60.444,52.480,51.186,43.465,¾Æ¿¬,Austria,ÃµÅæ,EUROPE,slab
256.280,238.907,221.550,388.090,449.754,353.352,305.613,162.189,162.189,264.766,153.148,157.431,164.442,¾Æ¿¬,Belgium,ÃµÅæ,EUROPE,slab
4.800,6.000,6.000,6.000,6.000,6.000,6.000,6.000,6.000,6.000,6.000,6.000,6.000,¾Æ¿¬,Bosnia,ÃµÅæ,EUROPE,slab
10.000,16.000,23.754,23.696,16.964,5.117,9.127,11.694,11.694,11.877,10.945,12.248,5.379,¾Æ¿¬,Bulgaria,ÃµÅæ,EUROPE,slab
2.279,2.434,2.809,3.179,3.486,4.354,3.891,4.290,4.290,3.872,3.402,3.535,3.288,¾Æ¿¬,Croatia,ÃµÅæ,EUROPE,slab
12.366,17.389,8.712,4.433,16.061,18.592,22.528,17.833,17.833,21.146,20.087,20.999,17.128,¾Æ¿¬,Czech Republic,ÃµÅæ,EUROPE,slab
5.411,6.118,6.372,5.917,7.160,7.808,7.410,5.924,5.924,5.934,6.107,5.757,5.340,¾Æ¿¬,Denmark,ÃµÅæ,EUROPE,slab
44.411,47.705,42.266,40.609,46.830,54.461,48.182,52.781,52.781,49.362,48.993,49.530,35.330,¾Æ¿¬,Finland,ÃµÅæ,EUROPE,slab
211.263,206.981,197.909,171.831,189.177,203.737,195.694,199.411,199.411,215.890,179.511,172.142,153.129,¾Æ¿¬,France,ÃµÅæ,EUROPE,slab
515.189,473.949,479.472,476.584,478.600,482.500,452.200,444.000,444.000,394.400,400.800,378.700,441.800,¾Æ¿¬,Germany,ÃµÅæ,EUROPE,slab
9.676,9.583,8.714,6.112,8.077,7.710,9.203,11.896,11.896,9.218,8.669,10.679,8.491,¾Æ¿¬,Greece,ÃµÅæ,EUROPE,slab
9.037,9.695,8.660,9.272,9.171,9.594,12.454,11.874,11.874,11.174,11.308,9.680,5.968,¾Æ¿¬,Hungary,ÃµÅæ,EUROPE,slab
2.148,1.762,2.389,2.365,2.873,2.847,3.799,3.858,3.858,3.782,2.850,2.445,2.342,¾Æ¿¬,Ireland,ÃµÅæ,EUROPE,slab
338.187,247.319,245.443,320.827,314.492,323.496,274.523,280.272,280.272,277.396,257.154,311.416,266.609,¾Æ¿¬,Italy,ÃµÅæ,EUROPE,slab
0.000,0.524,0.391,1.043,0.125,0.932,1.637,1.909,1.909,1.740,2.239,2.491,1.206,¾Æ¿¬,Latvia,ÃµÅæ,EUROPE,slab
4.918,4.602,4.071,4.637,5.558,5.739,5.832,5.188,5.188,4.224,3.800,1.269,2.732,¾Æ¿¬,Macedonia,ÃµÅæ,EUROPE,slab
94.000,88.000,86.400,86.400,86.400,86.400,86.400,86.400,86.400,86.400,86.400,86.400,86.400,¾Æ¿¬,Netherlands,ÃµÅæ,EUROPE,slab
34.196,39.168,32.292,40.712,36.117,42.759,54.036,58.110,58.110,51.251,23.666,32.429,40.253,¾Æ¿¬,Norway,ÃµÅæ,EUROPE,slab
88.118,79.685,66.515,80.795,51.624,105.975,127.386,136.986,136.986,133.137,127.596,133.963,92.707,¾Æ¿¬,Poland,ÃµÅæ,EUROPE,slab
12.735,9.557,9.989,8.245,11.815,17.361,16.827,14.066,14.066,15.131,15.593,18.659,19.219,¾Æ¿¬,Portugal,ÃµÅæ,EUROPE,slab
15.143,14.391,16.680,15.793,17.555,15.606,20.129,21.317,21.317,15.417,15.466,16.885,10.545,¾Æ¿¬,Romania,ÃµÅæ,EUROPE,slab
202.488,223.840,224.386,197.000,218.556,224.148,231.891,223.995,223.995,229.343,222.642,198.234,218.766,¾Æ¿¬,Russia,ÃµÅæ,EUROPE,slab
5.626,5.379,6.047,5.510,6.800,6.028,7.271,7.506,7.506,6.921,7.075,8.329,8.177,¾Æ¿¬,Serbia,ÃµÅæ,EUROPE,slab
28.945,22.435,31.197,36.255,35.134,31.155,45.244,48.491,48.491,45.386,45.078,51.932,35.983,¾Æ¿¬,Slovakia,ÃµÅæ,EUROPE,slab
13.639,12.838,12.579,13.065,15.005,12.495,4.416,4.641,4.641,4.379,2.404,4.308,3.636,¾Æ¿¬,Slovenia,ÃµÅæ,EUROPE,slab
176.577,182.800,182.075,219.203,208.153,276.414,214.033,288.060,288.060,135.447,244.376,304.060,141.043,¾Æ¿¬,Spain,ÃµÅæ,EUROPE,slab
30.569,24.596,23.903,25.673,25.457,12.161,9.946,9.983,9.983,8.672,9.684,9.035,7.655,¾Æ¿¬,Sweden,ÃµÅæ,EUROPE,slab
12.516,11.576,11.227,10.172,10.949,13.612,4.883,6.799,6.799,9.183,9.607,9.111,8.513,¾Æ¿¬,Switzerland,ÃµÅæ,EUROPE,slab
27.196,28.659,23.467,24.370,16.000,19.005,21.962,23.733,23.733,19.663,17.801,7.843,8.474,¾Æ¿¬,Ukraine,ÃµÅæ,EUROPE,slab
86.892,80.031,100.314,114.479,107.732,97.133,101.190,104.759,104.759,91.394,77.204,78.065,60.572,¾Æ¿¬,United Kingdom,ÃµÅæ,EUROPE,slab
20.058,17.931,15.502,12.568,9.145,10.424,7.947,9.396,9.396,7.473,10.000,3.284,3.272,¾Æ¿¬,Algeria,ÃµÅæ,AFRICA,slab
11.358,11.340,12.468,14.636,16.328,14.513,19.479,20.710,20.710,23.095,20.620,12.483,26.025,¾Æ¿¬,Egypt,ÃµÅæ,AFRICA,slab
0.000,0.624,2.490,11.465,10.470,15.936,8.568,8.840,8.840,9.592,9.469,2.244,4.302,¾Æ¿¬,Ethiopia,ÃµÅæ,AFRICA,slab
13.324,10.438,16.023,15.074,12.919,10.109,12.137,13.369,13.369,7.925,10.860,5.912,6.588,¾Æ¿¬,Kenya,ÃµÅæ,AFRICA,slab
13.277,4.534,6.866,9.146,9.900,12.886,11.126,10.854,10.854,10.801,10.510,13.107,10.177,¾Æ¿¬,Morocco,ÃµÅæ,AFRICA,slab
15.844,22.732,21.446,20.857,20.199,13.200,12.028,12.007,12.007,11.689,12.993,6.833,5.214,¾Æ¿¬,Nigeria,ÃµÅæ,AFRICA,slab
82.767,66.615,37.038,44.983,82.245,61.407,61.057,44.151,44.151,48.493,46.256,75.442,45.200,¾Æ¿¬,South Africa,ÃµÅæ,AFRICA,slab
3.580,3.253,3.552,2.380,1.357,2.746,6.359,7.659,7.659,4.451,4.010,3.123,5.587,¾Æ¿¬,Tunisia,ÃµÅæ,AFRICA,slab
48.306,43.865,48.186,52.657,64.519,67.178,57.049,55.667,55.667,54.068,51.200,39.300,33.500,¾Æ¿¬,Bangladesh,ÃµÅæ,ASIA,slab
5460.175,5396.201,5962.391,6400.541,6448.265,6515.192,6889.629,6105.354,6105.354,6719.891,6757.901,6837.760,7570.720,¾Æ¿¬,China,ÃµÅæ,ASIA,slab
3.600,2.289,8.157,7.678,7.800,7.800,7.800,7.800,7.800,7.800,7.800,4.397,3.934,¾Æ¿¬,Hong Kong,ÃµÅæ,ASIA,slab
556.321,560.952,640.041,638.248,615.557,676.443,652.789,713.834,713.834,639.574,552.041,622.664,754.029,¾Æ¿¬,India,ÃµÅæ,ASIA,slab
105.332,119.731,118.911,111.493,101.904,115.577,124.459,118.896,118.896,119.032,101.296,99.829,97.519,¾Æ¿¬,Indonesia,ÃµÅæ,ASIA,slab
32.996,35.722,38.900,38.900,38.900,38.900,38.900,38.900,38.900,38.904,38.900,38.880,45.153,¾Æ¿¬,Iran,ÃµÅæ,ASIA,slab
9.097,7.208,8.280,4.929,4.046,4.612,2.626,4.725,4.725,4.347,4.637,4.014,4.361,¾Æ¿¬,Israel,ÃµÅæ,ASIA,slab
500.567,479.086,497.673,503.480,479.063,470.241,482.181,481.678,481.678,516.545,360.042,519.513,506.021,¾Æ¿¬,Japan,ÃµÅæ,ASIA,slab
52.470,55.000,76.759,61.613,57.644,63.277,59.858,50.400,50.400,39.710,39.600,39.600,39.600,¾Æ¿¬,Kazakhstan,ÃµÅæ,ASIA,slab
125.732,73.122,49.434,114.597,97.384,73.743,28.244,32.234,32.234,43.579,116.153,49.748,68.942,¾Æ¿¬,Malaysia,ÃµÅæ,ASIA,slab
17.200,10.287,4.483,9.347,11.973,11.000,14.900,10.582,10.582,11.772,14.879,11.780,10.903,¾Æ¿¬,North Korea,ÃµÅæ,ASIA,slab
12.428,8.600,10.666,16.516,21.846,18.391,23.198,14.381,14.381,7.860,10.798,15.073,12.560,¾Æ¿¬,Pakistan,ÃµÅæ,ASIA,slab
10.643,9.611,10.173,11.880,12.667,11.723,7.410,7.444,7.444,8.180,4.703,4.271,3.218,¾Æ¿¬,Philippines,ÃµÅæ,ASIA,slab
63.139,72.698,77.908,75.093,74.547,65.166,61.522,37.045,37.045,42.005,49.547,56.389,65.203,¾Æ¿¬,Saudi Arabia,ÃµÅæ,ASIA,slab
18.200,9.000,12.000,13.489,5.518,13.473,7.663,3.786,3.786,6.000,6.000,6.000,6.000,¾Æ¿¬,Singapore,ÃµÅæ,ASIA,slab
544.412,552.512,578.173,643.547,584.640,617.117,627.872,605.927,605.927,566.353,520.538,470.687,449.742,¾Æ¿¬,South Korea,ÃµÅæ,ASIA,slab
220.507,192.495,201.144,220.387,229.108,188.170,224.862,188.854,188.854,203.923,185.852,187.139,116.290,¾Æ¿¬,Taiwan,ÃµÅæ,ASIA,slab
127.051,126.611,132.298,120.990,139.714,135.137,125.603,121.575,121.575,120.257,99.308,132.375,114.494,¾Æ¿¬,Thailand,ÃµÅæ,ASIA,slab
200.155,223.436,234.119,237.228,229.935,234.286,267.499,247.630,247.630,252.131,267.042,311.075,243.438,¾Æ¿¬,Turkey,ÃµÅæ,ASIA,slab
25.869,30.585,34.538,38.683,29.879,16.360,26.018,21.051,21.051,38.414,18.950,48.621,70.491,¾Æ¿¬,United Arab Emirates,ÃµÅæ,ASIA,slab
7.380,4.406,5.023,15.640,20.575,20.602,10.607,24.252,24.252,24.300,44.741,42.300,40.645,¾Æ¿¬,Uzbekistan,ÃµÅæ,ASIA,slab
62.849,59.907,75.945,95.440,99.683,148.056,187.737,139.053,139.053,144.707,160.013,141.826,195.363,¾Æ¿¬,Vietnam,ÃµÅæ,ASIA,slab
41.711,37.362,36.528,31.307,33.504,34.676,27.870,18.051,18.051,25.589,25.295,28.164,29.273,¾Æ¿¬,Argentina,ÃµÅæ,AMERICA,slab
236.212,238.972,249.414,241.435,201.212,237.520,197.572,208.577,208.577,151.823,203.925,212.819,208.542,¾Æ¿¬,Brazil,ÃµÅæ,AMERICA,slab
144.612,138.039,145.796,154.461,148.061,153.607,151.371,64.778,64.778,108.006,160.826,178.448,143.009,¾Æ¿¬,Canada,ÃµÅæ,AMERICA,slab
10.910,9.605,8.185,7.516,8.634,9.020,8.460,8.872,8.872,8.398,8.029,7.366,6.737,¾Æ¿¬,Chile,ÃµÅæ,AMERICA,slab
23.848,23.598,19.828,21.917,21.108,20.840,20.670,19.414,19.414,15.066,14.488,14.900,11.803,¾Æ¿¬,Colombia,ÃµÅæ,AMERICA,slab
5.842,6.422,5.471,6.255,5.256,6.051,5.232,5.437,5.437,4.565,4.447,4.392,4.079,¾Æ¿¬,Costa Rica,ÃµÅæ,AMERICA,slab
1.200,1.000,0.284,0.785,0.222,0.595,0.263,0.395,0.395,0.312,0.312,0.336,0.336,¾Æ¿¬,Cuba,ÃµÅæ,AMERICA,slab
,5.918,6.275,6.090,6.222,4.871,6.427,5.235,5.235,4.979,3.653,3.842,4.495,¾Æ¿¬,Ecuador,ÃµÅæ,AMERICA,slab
11.160,7.627,6.956,6.839,6.627,7.256,7.068,7.000,7.000,5.667,4.611,4.988,4.987,¾Æ¿¬,Guatemala,ÃµÅæ,AMERICA,slab
137.323,147.342,148.293,146.308,161.184,181.128,146.799,171.915,171.915,184.487,147.021,226.990,226.118,¾Æ¿¬,Mexico,ÃµÅæ,AMERICA,slab
72.000,45.980,37.575,60.204,78.571,70.529,68.055,78.844,78.844,72.163,65.587,88.491,69.330,¾Æ¿¬,Peru,ÃµÅæ,AMERICA,slab
939.000,892.000,935.000,962.000,931.000,788.980,829.000,1800.000,1800.000,950.000,878.000,973.000,911.000,¾Æ¿¬,U.S.A.,ÃµÅæ,AMERICA,slab
0.000,0.520,0.514,0.304,0.449,0.316,0.312,0.235,0.235,0.299,0.350,0.360,0.371,¾Æ¿¬,Uruguay,ÃµÅæ,AMERICA,slab
10.430,6.656,9.014,4.872,2.246,1.994,0.685,0.596,0.596,0.442,0.360,0.300,0.370,¾Æ¿¬,Venezuela,ÃµÅæ,AMERICA,slab
207.319,116.293,180.000,174.400,176.000,178.000,145.000,146.700,146.700,135.000,122.000,125.000,96.000,¾Æ¿¬,Australia,ÃµÅæ,OCEANIA,slab
11.023,9.275,8.844,7.238,6.876,8.684,10.631,11.550,11.550,10.653,10.332,9.407,6.405,¾Æ¿¬,New Zealand,ÃµÅæ,OCEANIA,slab
