2011 »ý»ê·®,2012 »ý»ê·®,2013 »ý»ê·®,2014 »ý»ê·®,2015 »ý»ê·®,2016 »ý»ê·®,2017 »ý»ê·®,2018 »ý»ê·®,2019 »ý»ê·®,2020 »ý»ê·®,2021 »ý»ê·®,2022 »ý»ê·®,2023 »ý»ê·®,±¤Á¾,±¹°¡,´ÜÀ§,´ë·ú,Ç°¸ñ
561.354,800.316,657.100,605.215,787.404,738.612,740.380,760.244,1043.343,619.748,675.269,669.926,542.114,¾Ë·ç¹Ì´½,Bosnia,ÃµÅæ,EUROPE,bauxite
0.000,0.000,0.000,0.000,11.900,9.800,12.200,11.800,14.300,14.100,14.500,13.800,13.800,¾Ë·ç¹Ì´½,Croatia,ÃµÅæ,EUROPE,bauxite
80.800,90.129,100.000,71.100,70.000,110.000,110.000,110.000,120.760,123.496,142.764,120.000,120.000,¾Ë·ç¹Ì´½,France,ÃµÅæ,EUROPE,bauxite
2324.000,1815.328,1844.000,1876.000,1831.270,1880.000,1927.145,1559.360,1379.123,1428.639,1227.000,1173.000,869.100,¾Ë·ç¹Ì´½,Greece,ÃµÅæ,EUROPE,bauxite
277.800,255.100,93.700,14.400,8.300,16.700,4.000,5.000,0.000,0.000,0.000,0.000,0.000,¾Ë·ç¹Ì´½,Hungary,ÃµÅæ,EUROPE,bauxite
158.600,0.000,61.154,82.162,50.369,516.239,927.846,468.200,774.725,897.057,542.049,442.067,148.992,¾Ë·ç¹Ì´½,Montenegro,ÃµÅæ,EUROPE,bauxite
5887.500,5166.000,5322.000,5589.000,5398.000,5431.000,5523.000,5651.000,6641.000,6647.000,6530.850,5780.000,6126.500,¾Ë·ç¹Ì´½,Russia,ÃµÅæ,EUROPE,bauxite
400.069,752.771,826.994,798.114,1014.605,1143.676,1476.966,1011.302,1116.334,1162.100,839.465,773.213,1228.080,¾Ë·ç¹Ì´½,Ghana,ÃµÅæ,AFRICA,bauxite
17695.390,19614.000,20498.000,20287.800,20904.708,32423.932,51701.564,59573.707,70173.327,87766.199,90621.577,103525.515,126412.283,¾Ë·ç¹Ì´½,Guinea,ÃµÅæ,AFRICA,bauxite
0.000,0.000,0.000,0.000,0.000,0.000,0.000,0.000,0.000,272.295,300.000,0.000,0.000,¾Ë·ç¹Ì´½,Ivory Coast,ÃµÅæ,AFRICA,bauxite
10.352,8.633,5.697,3.324,4.985,1.451,3.182,9.912,8.024,6.491,7.852,14.583,7.800,¾Ë·ç¹Ì´½,Mozambique,ÃµÅæ,AFRICA,bauxite
1321.000,776.000,616.000,1161.000,1334.046,1368.502,1787.716,1938.455,1883.863,1342.139,1396.678,973.420,1094.421,¾Ë·ç¹Ì´½,Sierra Leone,ÃµÅæ,AFRICA,bauxite
29.520,28.434,39.977,25.641,0.205,0.073,0.013,0.000,0.000,0.026,38.142,9.870,6.000,¾Ë·ç¹Ì´½,Tanzania,ÃµÅæ,AFRICA,bauxite
37173.844,44052.271,50339.383,59212.401,60787.599,66157.689,68392.954,70751.214,73323.663,73200.000,75000.000,71077.800,74413.800,¾Ë·ç¹Ì´½,China,ÃµÅæ,ASIA,bauxite
13000.000,16507.960,20421.000,20688.000,26383.000,24219.000,22775.993,23228.820,22307.024,20315.303,22152.195,23843.329,23286.051,¾Ë·ç¹Ì´½,India,ÃµÅæ,ASIA,bauxite
40643.852,31443.325,57023.800,2556.429,611.406,1458.000,2900.000,13243.200,16592.700,25859.000,25781.000,22046.000,6446.000,¾Ë·ç¹Ì´½,Indonesia,ÃµÅæ,ASIA,bauxite
847.000,898.437,903.559,748.297,840.700,868.300,795.937,778.319,752.503,893.855,766.080,576.247,588.504,¾Ë·ç¹Ì´½,Iran,ÃµÅæ,ASIA,bauxite
5495.300,5170.300,5192.800,4515.600,4683.000,4801.300,4846.100,6104.200,4118.400,4057.800,4370.100,4370.100,4559.900,¾Ë·ç¹Ì´½,Kazakhstan,ÃµÅæ,ASIA,bauxite
188.141,121.873,219.900,962.799,7164.956,34.924,189.131,589.697,1070.561,594.715,47.577,129.826,583.880,¾Ë·ç¹Ì´½,Malaysia,ÃµÅæ,ASIA,bauxite
206.000,760.114,1044.360,2076.000,3022.000,4768.000,4117.000,5061.000,5127.000,4945.928,4780.876,5179.285,6061.236,¾Ë·ç¹Ì´½,Saudi Arabia,ÃµÅæ,ASIA,bauxite
1024.896,1521.204,795.562,1091.442,518.550,989.200,1719.096,678.138,2255.480,2399.680,2764.873,2072.967,2072.400,¾Ë·ç¹Ì´½,Turkey,ÃµÅæ,ASIA,bauxite
99.730,600.000,482.000,1100.000,1100.000,1500.000,2700.000,3569.700,3600.000,3610.000,3659.450,3577.700,3720.000,¾Ë·ç¹Ì´½,Vietnam,ÃµÅæ,ASIA,bauxite
33624.600,34987.800,33896.000,36313.200,37057.000,39244.200,38242.100,32377.000,31937.900,32897.800,35949.600,34251.600,32641.319,¾Ë·ç¹Ì´½,Brazil,ÃµÅæ,AMERICA,bauxite
0.000,0.000,0.000,0.000,0.000,0.000,0.000,9.000,18.032,0.000,3.200,0.000,0.000,¾Ë·ç¹Ì´½,Colombia,ÃµÅæ,AMERICA,bauxite
0.000,10.522,769.500,1446.300,1724.200,7.318,0.000,0.000,0.000,9.475,54.800,133.200,196.800,¾Ë·ç¹Ì´½,Dominican Republic,ÃµÅæ,AMERICA,bauxite
1818.399,2213.972,1713.200,1563.563,1526.700,1479.090,1459.327,1926.052,1919.749,595.942,618.552,700.834,494.558,¾Ë·ç¹Ì´½,Guyana,ÃµÅæ,AMERICA,bauxite
10188.916,9339.291,9435.214,9676.697,9628.824,8540.130,8244.628,10058.228,9022.286,7546.139,5949.599,4364.729,5988.079,¾Ë·ç¹Ì´½,Jamaica,ÃµÅæ,AMERICA,bauxite
3236.120,2873.343,2705.696,2707.721,1871.432,0.000,0.000,0.000,0.000,0.000,0.000,,,¾Ë·ç¹Ì´½,Surinam,ÃµÅæ,AMERICA,bauxite
63.121,128.152,138.154,243.468,475.092,272.900,352.100,399.700,154.900,13.590,0.000,0.000,0.000,¾Ë·ç¹Ì´½,U.S.A.,ÃµÅæ,AMERICA,bauxite
2454.769,2285.949,2341.000,2315.800,991.810,300.000,242.000,92.000,79.000,0.000,0.000,0.000,0.000,¾Ë·ç¹Ì´½,Venezuela,ÃµÅæ,AMERICA,bauxite
69977.000,76281.247,81119.334,78631.998,80909.262,83517.148,89420.586,95947.593,105543.789,103626.811,103266.404,100478.353,103797.375,¾Ë·ç¹Ì´½,Australia,ÃµÅæ,OCEANIA,bauxite
0.000,0.000,0.000,0.000,172.336,59.500,60.000,57.960,0.000,0.000,0.000,0.000,0.000,¾Ë·ç¹Ì´½,Fiji,ÃµÅæ,OCEANIA,bauxite
0.000,0.000,0.000,0.000,291.889,240.000,1520.000,1650.000,1234.000,843.000,0.000,155.400,120.000,¾Ë·ç¹Ì´½,Solomon Islands,ÃµÅæ,OCEANIA,bauxite
163.654,159.660,157.100,131.238,118.253,106.649,125.536,131.508,67.690,0.000,0.000,138.969,61.480,¾Ë·ç¹Ì´½,Bosnia,ÃµÅæ,EUROPE,refined
334.000,349.000,343.000,400.000,415.000,424.600,430.000,380.000,402.000,417.000,440.800,337.900,243.100,¾Ë·ç¹Ì´½,France,ÃµÅæ,EUROPE,refined
432.474,410.413,492.368,530.682,541.381,546.805,549.994,528.867,507.934,529.054,509.193,341.213,189.470,¾Ë·ç¹Ì´½,Germany,ÃµÅæ,EUROPE,refined
165.150,165.046,169.457,173.300,180.000,181.189,181.700,187.465,186.903,189.036,183.700,187.100,183.000,¾Ë·ç¹Ì´½,Greece,ÃµÅæ,EUROPE,refined
0.000,0.000,0.000,0.000,0.000,0.000,0.000,0.000,0.000,0.000,0.000,0.000,0.000,¾Ë·ç¹Ì´½,Hungary,ÃµÅæ,EUROPE,refined
780.853,802.827,736.429,698.887,724.240,700.150,760.000,731.500,682.600,691.995,695.861,725.917,752.806,¾Ë·ç¹Ì´½,Iceland,ÃµÅæ,EUROPE,refined
133.900,97.100,0.000,0.000,0.000,0.000,0.000,0.000,0.000,0.000,0.000,0.000,0.000,¾Ë·ç¹Ì´½,Italy,ÃµÅæ,EUROPE,refined
92.526,74.384,47.951,42.767,42.499,38.900,39.379,40.163,36.522,37.208,45.214,0.000,0.000,¾Ë·ç¹Ì´½,Montenegro,ÃµÅæ,EUROPE,refined
327.960,86.272,81.011,0.822,27.704,36.288,29.300,41.303,81.149,70.615,46.731,0.000,0.000,¾Ë·ç¹Ì´½,Netherlands,ÃµÅæ,EUROPE,refined
1201.000,1110.900,1172.900,1182.000,1224.000,1247.000,1253.000,1295.020,1312.005,1330.000,1431.004,1333.786,1278.987,¾Ë·ç¹Ì´½,Norway,ÃµÅæ,EUROPE,refined
0.000,0.000,0.000,0.000,0.000,0.000,0.000,0.000,0.000,0.000,0.000,0.000,0.000,¾Ë·ç¹Ì´½,Poland,ÃµÅæ,EUROPE,refined
260.020,249.000,250.000,263.000,271.440,272.500,282.074,282.809,280.326,271.309,293.399,191.454,194.907,¾Ë·ç¹Ì´½,Romania,ÃµÅæ,EUROPE,refined
3992.000,4024.000,3724.000,3488.000,3529.000,3561.000,3741.700,3774.000,3895.800,3855.700,3931.400,3716.000,3897.954,¾Ë·ç¹Ì´½,Russia,ÃµÅæ,EUROPE,refined
162.841,160.663,163.378,167.794,171.328,173.642,173.493,173.721,174.795,151.875,163.995,71.933,0.000,¾Ë·ç¹Ì´½,Slovakia,ÃµÅæ,EUROPE,refined
75.301,83.278,84.035,84.361,83.776,84.365,84.424,80.511,68.255,50.182,37.867,19.211,19.200,¾Ë·ç¹Ì´½,Slovenia,ÃµÅæ,EUROPE,refined
408.380,386.395,420.410,484.872,360.000,360.000,360.000,350.000,230.000,216.200,192.700,0.000,0.000,¾Ë·ç¹Ì´½,Spain,ÃµÅæ,EUROPE,refined
124.569,136.810,136.813,126.178,127.280,129.370,130.189,127.227,122.925,121.171,123.800,120.000,118.400,¾Ë·ç¹Ì´½,Sweden,ÃµÅæ,EUROPE,refined
0.000,0.000,0.000,0.000,0.000,0.000,0.000,0.000,0.000,0.000,0.000,0.000,0.000,¾Ë·ç¹Ì´½,Switzerland,ÃµÅæ,EUROPE,refined
7.172,0.000,0.000,0.000,0.000,0.000,0.000,0.000,0.000,0.000,0.000,0.000,0.000,¾Ë·ç¹Ì´½,Ukraine,ÃµÅæ,EUROPE,refined
213.000,60.000,45.000,41.000,48.000,46.000,46.508,44.383,39.390,35.745,37.573,31.337,29.352,¾Ë·ç¹Ì´½,United Kingdom,ÃµÅæ,EUROPE,refined
69.000,52.000,75.000,93.000,63.200,63.900,75.400,71.200,54.000,68.224,52.035,66.483,54.100,¾Ë·ç¹Ì´½,Cameroon,ÃµÅæ,AFRICA,refined
353.904,393.696,325.344,306.006,336.593,297.000,297.996,317.004,256.000,268.000,207.058,198.018,255.499,¾Ë·ç¹Ì´½,Egypt,ÃµÅæ,AFRICA,refined
36.000,37.976,36.601,38.116,33.782,33.800,40.500,42.900,43.217,37.620,39.200,63.373,48.819,¾Ë·ç¹Ì´½,Ghana,ÃµÅæ,AFRICA,refined
561.702,563.830,561.702,566.878,558.425,571.100,577.496,571.127,564.756,571.128,564.756,573.146,516.482,¾Ë·ç¹Ì´½,Mozambique,ÃµÅæ,AFRICA,refined
17.647,25.882,2.353,0.000,0.000,0.000,0.000,0.000,0.000,0.000,8.060,0.980,3.100,¾Ë·ç¹Ì´½,Nigeria,ÃµÅæ,AFRICA,refined
808.400,665.000,822.000,745.000,695.000,701.000,716.000,714.002,717.000,717.000,714.000,718.000,716.000,¾Ë·ç¹Ì´½,South Africa,ÃµÅæ,AFRICA,refined
0.000,54.242,53.922,50.358,49.038,36.800,28.500,44.710,32.693,31.500,25.706,45.249,54.828,¾Ë·ç¹Ì´½,Azerbaijan,ÃµÅæ,ASIA,refined
881.310,890.217,912.700,931.427,960.643,971.420,981.016,1011.100,1365.005,1548.500,1561.222,1600.111,1620.665,¾Ë·ç¹Ì´½,Bahrain,ÃµÅæ,ASIA,refined
20072.000,23534.000,26534.000,28316.700,31518.000,32697.996,35189.054,36447.290,35974.528,37080.401,38502.609,40214.000,41440.000,¾Ë·ç¹Ì´½,China,ÃµÅæ,ASIA,refined
1659.692,1713.924,1596.600,1898.891,1885.706,2732.949,3061.603,2933.939,3634.677,3568.101,3960.239,4064.313,4129.306,¾Ë·ç¹Ì´½,India,ÃµÅæ,ASIA,refined
246.333,252.967,255.269,264.472,257.148,245.033,218.729,219.305,233.500,220.096,200.577,172.516,168.142,¾Ë·ç¹Ì´½,Indonesia,ÃµÅæ,ASIA,refined
321.900,336.530,331.855,282.675,296.148,296.924,300.151,307.108,233.832,376.797,506.722,614.980,622.710,¾Ë·ç¹Ì´½,Iran,ÃµÅæ,ASIA,refined
4.671,4.495,2.951,0.538,0.000,0.000,0.000,0.000,0.000,0.000,0.000,0.000,0.000,¾Ë·ç¹Ì´½,Japan,ÃµÅæ,ASIA,refined
248.766,250.269,250.563,207.850,219.000,235.600,254.000,258.400,264.900,265.000,262.406,262.361,260.877,¾Ë·ç¹Ì´½,Kazakhstan,ÃµÅæ,ASIA,refined
188.100,121.900,290.772,440.000,439.920,620.000,760.020,759.950,760.000,760.000,901.000,996.000,996.000,¾Ë·ç¹Ì´½,Malaysia,ÃµÅæ,ASIA,refined
373.000,360.000,354.000,363.500,377.186,386.395,253.000,381.000,390.516,396.929,395.000,395.600,397.200,¾Ë·ç¹Ì´½,Oman,ÃµÅæ,ASIA,refined
450.000,627.971,634.000,640.153,610.000,612.000,620.000,616.000,628.000,655.300,634.000,667.000,646.000,¾Ë·ç¹Ì´½,Qatar,ÃµÅæ,ASIA,refined
0.000,0.000,187.000,662.000,839.000,871.000,916.000,932.000,967.000,1010.562,998.000,952.000,900.000,¾Ë·ç¹Ì´½,Saudi Arabia,ÃµÅæ,ASIA,refined
277.584,272.500,216.400,125.000,139.100,129.300,103.000,95.763,100.714,83.979,61.000,34.800,38.700,¾Ë·ç¹Ì´½,Tajikistan,ÃµÅæ,ASIA,refined
56.366,43.687,32.179,30.426,45.870,78.809,84.534,73.291,77.777,79.865,79.242,78.418,72.047,¾Ë·ç¹Ì´½,Turkey,ÃµÅæ,ASIA,refined
1750.000,1861.002,1847.916,2296.000,2397.000,2471.000,2600.000,2640.000,2579.000,2520.000,2540.000,2650.000,2660.000,¾Ë·ç¹Ì´½,United Arab Emirates 1,ÃµÅæ,ASIA,refined
11.900,12.700,177.000,485.000,0.000,0.000,0.000,0.000,0.000,0.000,0.000,0.000,0.000,¾Ë·ç¹Ì´½,Vietnam,ÃµÅæ,ASIA,refined
416.469,414.388,434.759,442.898,430.388,428.957,431.239,439.605,438.434,309.804,338.239,400.038,441.426,¾Ë·ç¹Ì´½,Argentina,ÃµÅæ,AMERICA,refined
1440.400,1436.400,1304.100,962.000,772.200,790.000,801.700,659.000,650.200,685.100,771.700,810.900,1001.100,¾Ë·ç¹Ì´½,Brazil,ÃµÅæ,AMERICA,refined
2987.964,2780.556,2967.364,2858.238,2880.037,3208.707,3211.882,2923.204,2853.771,3118.000,3136.704,3033.966,3276.054,¾Ë·ç¹Ì´½,Canada,ÃµÅæ,AMERICA,refined
1983.476,2070.316,1947.854,1709.668,1586.518,818.430,740.885,896.652,1126.032,1026.615,907.846,872.270,784.853,¾Ë·ç¹Ì´½,U.S.A.,ÃµÅæ,AMERICA,refined
329.952,203.023,169.639,138.300,125.458,147.300,136.009,64.700,0.000,0.000,0.000,0.000,0.000,¾Ë·ç¹Ì´½,Venezuela,ÃµÅæ,AMERICA,refined
1945.000,1864.000,1777.408,1704.990,1646.000,1633.904,1487.555,1574.240,1569.591,1585.017,1558.528,1494.599,1555.473,¾Ë·ç¹Ì´½,Australia,ÃµÅæ,OCEANIA,refined
357.000,325.000,324.000,327.000,334.000,338.600,337.000,340.000,351.000,334.000,333.000,336.000,334.000,¾Ë·ç¹Ì´½,New Zealand,ÃµÅæ,OCEANIA,refined
6348.000,6400.000,6520.000,6520.000,7420.000,11888.000,16533.000,25233.000,15270.000,16800.000,16800.000,9000.000,9000.000,¾ÈÆ¼¸ð´Ï,Russia,Åæ,EUROPE,mine
2391.000,3044.000,2332.000,815.000,400.000,0.000,0.000,0.000,0.000,0.000,0.000,0.000,0.000,¾ÈÆ¼¸ð´Ï,South Africa,Åæ,AFRICA,mine
123900.000,135600.000,152100.000,123193.000,120700.000,108000.000,97683.000,89584.000,60229.000,64530.000,42622.000,45600.000,45600.000,¾ÈÆ¼¸ð´Ï,China,Åæ,ASIA,mine
0.000,0.000,0.000,0.000,0.000,0.000,620.000,1645.000,330.000,1065.000,1000.000,1000.000,1000.000,¾ÈÆ¼¸ð´Ï,Iran,Åæ,ASIA,mine
800.000,864.000,0.000,481.000,916.000,574.000,160.000,0.000,0.000,0.000,102.000,100.000,102.000,¾ÈÆ¼¸ð´Ï,Kazakhstan,Åæ,ASIA,mine
892.000,924.000,900.000,1450.000,1200.000,1880.000,1369.000,676.000,16.000,28.000,0.000,77.000,120.000,¾ÈÆ¼¸ð´Ï,Kyrgyzstan,Åæ,ASIA,mine
230.000,521.000,804.000,620.000,1166.000,242.000,339.000,368.000,143.000,0.000,35.000,271.000,488.000,¾ÈÆ¼¸ð´Ï,Laos,Åæ,ASIA,mine
7054.000,5900.000,7200.000,3300.000,3610.000,2780.000,2881.000,3088.000,9896.000,537.000,3455.000,3363.000,2381.000,¾ÈÆ¼¸ð´Ï,Myanmar,Åæ,ASIA,mine
2.000,12.000,90.000,120.000,110.000,38.000,56.000,0.000,0.000,17.000,66.000,142.000,115.000,¾ÈÆ¼¸ð´Ï,Pakistan,Åæ,ASIA,mine
5550.000,5544.000,7308.000,8000.000,10000.000,28280.000,28100.000,29700.000,27950.000,22543.000,16777.000,18000.000,17878.000,¾ÈÆ¼¸ð´Ï,Tajikistan,Åæ,ASIA,mine
442.000,672.000,488.000,706.000,0.000,0.000,0.000,0.000,0.000,0.000,175.000,29.000,120.000,¾ÈÆ¼¸ð´Ï,Thailand,Åæ,ASIA,mine
2340.000,7119.000,4512.000,3070.000,1917.000,2800.000,4800.000,4000.000,3400.000,1547.000,1541.000,1200.000,1200.000,¾ÈÆ¼¸ð´Ï,Turkey,Åæ,ASIA,mine
286.000,480.000,1238.000,1373.000,219.000,229.000,244.000,244.000,306.000,300.000,0.000,0.000,0.000,¾ÈÆ¼¸ð´Ï,Vietnam,Åæ,ASIA,mine
3947.000,5081.000,5052.000,4186.000,3843.000,2669.000,2844.000,3110.000,2747.000,2629.000,3084.000,3453.000,3712.000,¾ÈÆ¼¸ð´Ï,Bolivia,Åæ,AMERICA,mine
300.000,100.000,177.000,5.000,1.000,0.000,0.000,6.000,6.000,8.000,24.000,12.000,12.000,¾ÈÆ¼¸ð´Ï,Canada,Åæ,AMERICA,mine
0.000,0.000,0.000,0.000,0.000,0.000,89.000,0.000,0.000,0.000,0.000,0.000,0.000,¾ÈÆ¼¸ð´Ï,Ecuador,Åæ,AMERICA,mine
0.000,62.000,159.000,0.000,0.000,25.000,0.000,0.000,155.000,100.000,108.000,108.000,120.000,¾ÈÆ¼¸ð´Ï,Guatemala,Åæ,AMERICA,mine
105.000,169.000,294.000,266.000,501.000,687.000,256.000,310.000,300.000,290.000,300.000,692.000,731.000,¾ÈÆ¼¸ð´Ï,Mexico,Åæ,AMERICA,mine
0.000,0.000,0.000,0.000,0.000,0.000,0.000,0.000,0.000,0.000,0.000,0.000,0.000,¾ÈÆ¼¸ð´Ï,Peru,Åæ,AMERICA,mine
0.000,0.000,100.000,108.000,0.000,0.000,0.000,0.000,0.000,0.000,0.000,0.000,0.000,¾ÈÆ¼¸ð´Ï,U.S.A.,Åæ,AMERICA,mine
1576.000,2481.000,3277.000,3828.000,3996.000,5004.000,3115.000,2174.000,2032.000,3903.000,3380.000,2292.000,1860.000,¾ÈÆ¼¸ð´Ï,Australia,Åæ,OCEANIA,mine
0.000,0.000,0.000,0.000,0.000,0.000,333000.000,313000.000,315000.000,311000.000,343000.000,343000.000,343200.000,Ä«µå¹Å,Bulgaria,kg,EUROPE,mine
0.000,0.000,0.000,0.000,0.000,0.000,500000.000,500000.000,450000.000,450000.000,400000.000,400000.000,399700.000,Ä«µå¹Å,Germany,kg,EUROPE,mine
0.000,0.000,0.000,0.000,0.000,0.000,620000.000,1100000.000,1100000.000,880000.000,900000.000,900000.000,900000.000,Ä«µå¹Å,Netherlands,kg,EUROPE,mine
0.000,0.000,0.000,0.000,0.000,0.000,416000.000,400000.000,340000.000,340000.000,390000.000,390000.000,390000.000,Ä«µå¹Å,Norway,kg,EUROPE,mine
0.000,0.000,0.000,0.000,0.000,0.000,309000.000,305000.000,199000.000,200000.000,242000.000,242000.000,242200.000,Ä«µå¹Å,Poland,kg,EUROPE,mine
0.000,0.000,0.000,0.000,0.000,0.000,1700000.000,1700000.000,1400000.000,1300000.000,1400000.000,1400000.000,1399600.000,Ä«µå¹Å,Russia,kg,EUROPE,mine
0.000,0.000,0.000,0.000,0.000,0.000,43000.000,43000.000,43000.000,43000.000,43000.000,43000.000,43000.000,Ä«µå¹Å,Armenia,kg,ASIA,mine
0.000,0.000,0.000,0.000,0.000,0.000,8411000.000,10349000.000,8689000.000,8689000.000,8689000.000,8689000.000,8689000.000,Ä«µå¹Å,China,kg,ASIA,mine
0.000,0.000,0.000,0.000,0.000,0.000,462708.000,462708.000,462708.000,462708.000,462708.000,462708.000,462708.000,Ä«µå¹Å,India,kg,ASIA,mine
0.000,0.000,0.000,0.000,0.000,0.000,2142020.000,1978891.000,1782563.000,1946760.000,1961000.000,1482000.000,1860000.000,Ä«µå¹Å,Japan,kg,ASIA,mine
0.000,0.000,0.000,0.000,0.000,0.000,1495000.000,1495000.000,1495000.000,1495000.000,1495000.000,1495000.000,1495000.000,Ä«µå¹Å,Kazakhstan,kg,ASIA,mine
0.000,0.000,0.000,0.000,0.000,0.000,200000.000,200000.000,200000.000,200000.000,200000.000,200000.000,200300.000,Ä«µå¹Å,North Korea,kg,ASIA,mine
0.000,0.000,0.000,0.000,0.000,0.000,4000000.000,4905000.000,4500000.000,4500000.000,4500000.000,4500000.000,4500000.000,Ä«µå¹Å,South Korea,kg,ASIA,mine
0.000,0.000,0.000,0.000,0.000,0.000,0.000,0.000,1.000,1.000,0.000,0.000,0.000,Ä«µå¹Å,Thailand,kg,ASIA,mine
0.000,0.000,0.000,0.000,0.000,0.000,5.000,0.000,16.000,4510.000,19.000,0.000,0.000,Ä«µå¹Å,Turkey,kg,ASIA,mine
0.000,0.000,0.000,0.000,0.000,0.000,39000.000,39000.000,39000.000,39000.000,39000.000,39000.000,39000.000,Ä«µå¹Å,Argentina,kg,AMERICA,mine
0.000,0.000,0.000,0.000,0.000,0.000,1802067.000,1857000.000,1803000.000,1849179.000,1671422.000,1663191.000,1664385.000,Ä«µå¹Å,Canada,kg,AMERICA,mine
0.000,0.000,0.000,0.000,0.000,0.000,1126000.000,1307000.000,952000.000,978000.000,1051000.000,1174000.000,1053000.000,Ä«µå¹Å,Mexico,kg,AMERICA,mine
0.000,0.000,0.000,0.000,0.000,0.000,797000.000,765000.000,772000.000,451000.000,456000.000,456000.000,493400.000,Ä«µå¹Å,Peru,kg,AMERICA,mine
0.000,0.000,0.000,0.000,0.000,0.000,550000.000,73000.000,131000.000,211000.000,241000.000,212000.000,220000.000,Ä«µå¹Å,U.S.A.,kg,AMERICA,mine
0.000,0.000,0.000,0.000,0.000,0.000,380000.000,380000.000,380000.000,380000.000,380000.000,380000.000,380400.000,Ä«µå¹Å,Australia,kg,OCEANIA,mine
4.436,4.779,5.900,3.498,1.615,0.000,0.000,2.384,6.088,7.790,5.971,5.630,2.800,µ¿,Albania,ÃµÅæ,EUROPE,mine
114.603,118.255,115.149,108.322,112.600,111.869,113.321,109.400,110.680,113.119,98.026,115.990,118.001,µ¿,Bulgaria,ÃµÅæ,EUROPE,mine
14.000,25.445,38.763,42.790,41.085,47.489,53.146,46.755,32.892,35.492,32.692,29.026,20.060,µ¿,Finland,ÃµÅæ,EUROPE,mine
7.555,9.506,11.016,9.201,11.101,10.427,9.470,7.815,7.229,6.662,6.169,7.843,8.128,µ¿,Macedonia,ÃµÅæ,EUROPE,mine
426.700,427.100,429.400,421.300,426.000,424.300,419.200,401.300,398.900,392.700,391.300,372.900,395.800,µ¿,Poland,ÃµÅæ,EUROPE,mine
82.209,73.968,77.147,75.238,82.999,76.598,63.718,49.112,41.436,30.685,37.941,31.906,32.840,µ¿,Portugal,ÃµÅæ,EUROPE,mine
6.400,5.900,6.700,7.700,7.700,8.420,6.519,8.505,10.201,9.383,7.911,9.298,10.870,µ¿,Romania,ÃµÅæ,EUROPE,mine
713.100,720.000,725.000,683.000,699.800,684.500,722.000,773.000,792.200,881.200,880.800,880.800,880.800,µ¿,Russia,ÃµÅæ,EUROPE,mine
25.803,31.103,32.684,32.743,30.618,38.488,43.387,42.482,78.009,62.571,78.317,67.166,60.000,µ¿,Serbia,ÃµÅæ,EUROPE,mine
68.449,97.697,101.557,104.352,121.438,137.889,188.343,186.498,171.350,190.310,149.542,120.755,109.168,µ¿,Spain,ÃµÅæ,EUROPE,mine
82.967,82.422,82.904,79.344,75.126,78.992,104.449,106.052,99.287,100.149,86.279,84.266,68.328,µ¿,Sweden,ÃµÅæ,EUROPE,mine
22.253,32.103,48.490,47.655,13.888,12.415,1.239,1.462,0.000,0.000,0.000,44.269,72.411,µ¿,Botswana,ÃµÅæ,AFRICA,mine
479.985,608.419,816.700,995.600,1039.007,1023.686,1094.638,1225.229,1420.387,1400.000,1878.170,2359.825,2842.022,µ¿,Democratic Republic Congo,ÃµÅæ,AFRICA,mine
0.000,0.000,21.817,88.900,61.600,25.300,7.900,17.100,16.000,21.700,21.700,20.000,20.000,µ¿,Eritrea,ÃµÅæ,AFRICA,mine
35.281,37.670,37.970,33.079,44.956,32.818,28.811,28.137,29.620,28.491,18.845,13.313,13.014,µ¿,Mauritania,ÃµÅæ,AFRICA,mine
12.083,16.579,13.010,22.363,26.850,31.814,35.388,32.171,28.556,30.236,30.914,34.892,36.460,µ¿,Morocco,ÃµÅæ,AFRICA,mine
0.000,0.000,0.000,0.000,0.000,0.000,0.000,0.000,0.000,0.000,0.000,0.000,0.000,µ¿,Mozambique,ÃµÅæ,AFRICA,mine
3.366,5.740,4.896,5.249,10.659,16.391,15.466,15.177,15.743,10.641,0.951,0.000,0.000,µ¿,Namibia,ÃµÅæ,AFRICA,mine
114.772,88.800,80.821,78.697,77.360,65.257,65.532,46.900,52.501,29.068,28.307,49.194,50.023,µ¿,South Africa,ÃµÅæ,AFRICA,mine
6.748,8.841,15.029,16.381,16.796,7.366,5.850,0.000,0.000,0.000,0.000,0.000,0.000,µ¿,Tanzania,ÃµÅæ,AFRICA,mine
739.800,700.000,751.600,755.800,725.348,737.999,794.100,854.100,789.942,869.063,880.800,763.288,697.790,µ¿,Zambia,ÃµÅæ,AFRICA,mine
6.555,6.665,8.284,8.261,8.218,9.101,8.839,9.078,8.731,7.933,8.649,10.168,13.395,µ¿,Zimbabwe,ÃµÅæ,AFRICA,mine
33.598,41.220,48.890,46.799,51.790,95.187,95.813,68.908,92.000,90.153,90.154,73.820,69.506,µ¿,Armenia,ÃµÅæ,ASIA,mine
0.611,0.502,0.329,0.675,0.969,1.947,2.063,1.645,2.213,2.718,2.649,2.516,2.411,µ¿,Azerbaijan,ÃµÅæ,ASIA,mine
1294.747,1551.500,1681.304,1741.200,1667.142,1850.672,1656.404,1506.638,1601.318,1673.338,1740.600,1705.000,1679.000,µ¿,China,ÃµÅæ,ASIA,mine
3.741,4.358,3.574,3.060,2.108,1.841,1.352,0.904,0.703,0.000,0.000,0.000,0.000,µ¿,Cyprus,ÃµÅæ,ASIA,mine
10.003,7.213,7.000,13.100,11.700,7.600,9.400,9.100,9.500,10.000,10.000,10.000,10.000,µ¿,Georgia,ÃµÅæ,ASIA,mine
36.370,34.370,39.460,36.000,28.488,32.761,32.999,40.750,42.190,31.650,41.770,30.320,38.370,µ¿,India,ÃµÅæ,ASIA,mine
542.964,398.114,493.962,366.049,580.146,695.855,666.336,651.100,400.235,491.863,730.910,921.264,894.502,µ¿,Indonesia,ÃµÅæ,ASIA,mine
258.934,245.198,222.700,212.142,243.096,278.468,292.359,311.426,307.326,309.206,315.911,318.935,322.399,µ¿,Iran,ÃµÅæ,ASIA,mine
0.000,0.000,0.000,0.000,0.000,0.000,0.000,0.000,0.000,0.000,0.000,0.000,0.000,µ¿,Japan,ÃµÅæ,ASIA,mine
433.399,490.834,538.034,500.647,566.065,595.780,745.182,620.612,710.815,721.479,740.915,807.280,868.363,µ¿,Kazakhstan,ÃµÅæ,ASIA,mine
0.000,0.000,0.000,0.700,3.100,8.300,8.000,7.600,7.300,5.100,6.100,6.000,6.000,µ¿,Kyrgyzstan,ÃµÅæ,ASIA,mine
138.756,149.580,154.915,159.695,167.742,167.677,153.304,150.880,141.285,91.300,92.385,97.162,110.542,µ¿,Laos,ÃµÅæ,ASIA,mine
0.000,0.000,0.000,0.000,0.000,0.000,0.000,0.000,0.000,0.000,0.000,0.000,0.000,µ¿,Malaysia,ÃµÅæ,ASIA,mine
123.978,123.942,189.001,251.332,326.735,352.514,319.786,320.176,306.464,307.363,319.422,287.577,335.352,µ¿,Mongolia,ÃµÅæ,ASIA,mine
12.000,17.995,17.700,31.314,44.850,63.085,86.166,127.575,121.891,161.193,157.200,157.200,157.200,µ¿,Myanmar,ÃµÅæ,ASIA,mine
7.035,6.650,8.357,9.641,10.707,15.692,2.187,2.160,2.160,1.860,1.800,1.800,1.800,µ¿,North Korea,ÃµÅæ,ASIA,mine
20.765,19.694,9.128,12.068,6.406,0.000,0.000,0.000,0.000,0.000,0.000,0.000,0.000,µ¿,Oman,ÃµÅæ,ASIA,mine
20.600,19.200,13.500,13.100,13.100,14.100,10.100,12.500,13.000,13.200,13.200,13.200,13.200,µ¿,Pakistan,ÃµÅæ,ASIA,mine
63.834,65.444,90.861,92.443,83.835,83.640,68.157,69.933,71.892,60.856,51.586,59.079,61.980,µ¿,Philippines,ÃµÅæ,ASIA,mine
2.425,1.210,7.952,8.667,12.300,27.800,43.000,57.297,66.875,75.440,76.348,75.441,72.840,µ¿,Saudi Arabia,ÃµÅæ,ASIA,mine
0.000,0.000,0.000,0.000,0.000,0.000,0.000,0.000,0.000,0.000,0.000,0.000,0.000,µ¿,South Korea,ÃµÅæ,ASIA,mine
92.458,104.297,120.510,123.148,108.000,100.000,83.000,79.600,107.829,106.298,108.053,108.000,108.000,µ¿,Turkey,ÃµÅæ,ASIA,mine
80.000,80.000,100.000,100.000,130.000,135.000,140.100,141.200,0.000,142.800,142.800,122.200,142.100,µ¿,Uzbekistan,ÃµÅæ,ASIA,mine
11.900,12.716,12.275,20.300,22.600,22.600,21.400,15.970,21.214,28.933,21.600,27.756,27.600,µ¿,Vietnam,ÃµÅæ,ASIA,mine
116.698,135.743,109.600,102.600,61.810,81.900,33.300,17.400,0.000,0.000,0.000,0.000,0.000,µ¿,Argentina,ÃµÅæ,AMERICA,mine
3.037,8.652,7.549,10.746,9.479,8.721,7.129,5.216,4.478,2.822,3.310,3.608,3.829,µ¿,Bolivia,ÃµÅæ,AMERICA,mine
213.760,223.141,270.979,298.089,359.848,337.628,384.542,385.787,363.268,352.635,335.761,284.481,343.950,µ¿,Brazil,ÃµÅæ,AMERICA,mine
568.800,580.100,652.596,672.729,714.646,696.509,597.192,548.011,560.800,584.600,541.648,519.691,499.791,µ¿,Canada,ÃµÅæ,AMERICA,mine
5262.800,5433.900,5776.000,5761.100,5772.100,5552.600,5503.500,5831.600,5787.400,5733.100,5624.900,5330.500,5251.600,µ¿,Chile,ÃµÅæ,AMERICA,mine
1.011,1.533,0.774,4.116,5.463,8.494,9.356,9.918,7.641,9.374,8.311,6.914,6.026,µ¿,Colombia,ÃµÅæ,AMERICA,mine
0.000,0.000,0.000,0.000,0.000,0.000,0.000,0.000,0.000,0.000,0.000,0.000,0.000,µ¿,Cuba,ÃµÅæ,AMERICA,mine
11.747,11.505,10.354,9.100,7.305,9.725,9.618,8.600,6.000,2.300,2.400,5.717,9.076,µ¿,Dominican Republic,ÃµÅæ,AMERICA,mine
1.360,1.793,2.574,3.214,0.305,2.261,6.441,5.530,6.330,26.998,62.887,120.000,120.000,µ¿,Ecuador,ÃµÅæ,AMERICA,mine
443.621,500.275,480.124,526.641,607.926,766.129,742.246,751.005,769.651,749.663,734.137,753.885,726.528,µ¿,Mexico,ÃµÅæ,AMERICA,mine
0.000,0.000,0.000,0.000,0.000,0.000,0.000,0.000,147.480,205.548,331.000,350.438,330.863,µ¿,Panama,ÃµÅæ,AMERICA,mine
1235.345,1298.745,1375.641,1377.643,1700.816,2353.859,2445.585,2436.951,2455.440,2153.952,2299.278,2445.110,2755.068,µ¿,Peru,ÃµÅæ,AMERICA,mine
1110.000,1170.300,1240.120,1383.000,1416.000,1431.000,1257.500,1216.100,1256.700,1223.900,1233.000,1231.700,1123.800,µ¿,U.S.A.,ÃµÅæ,AMERICA,mine
960.000,960.649,1001.000,978.534,995.882,947.555,849.120,910.896,925.157,879.522,822.924,826.271,797.384,µ¿,Australia,ÃµÅæ,OCEANIA,mine
130.456,125.325,105.483,75.902,45.200,80.000,104.978,96.300,99.400,82.800,63.200,73.900,75.300,µ¿,Papua New Guinea,ÃµÅæ,OCEANIA,mine
112.612,113.578,82.842,83.189,102.859,103.216,109.823,107.210,128.207,132.019,133.482,107.862,100.486,µ¿,Austria,ÃµÅæ,EUROPE,refined
393.600,397.100,389.400,386.500,378.597,366.731,398.936,390.238,356.630,321.352,410.042,404.788,407.800,µ¿,Belgium,ÃµÅæ,EUROPE,refined
226.000,226.000,230.000,234.000,230.000,216.000,229.000,224.000,207.000,225.000,219.000,229.000,229.000,µ¿,Bulgaria,ÃµÅæ,EUROPE,refined
122.136,125.532,125.087,140.605,138.896,129.055,133.198,139.087,120.370,145.867,151.307,138.829,129.092,µ¿,Finland,ÃµÅæ,EUROPE,refined
708.800,682.100,666.900,672.800,678.200,671.500,694.900,670.000,600.200,643.000,621.600,616.000,602.000,µ¿,Germany,ÃµÅæ,EUROPE,refined
7.600,7.700,5.000,7.900,7.300,6.600,8.700,7.200,9.800,15.000,15.400,18.400,18.000,µ¿,Italy,ÃµÅæ,EUROPE,refined
0.000,1.083,1.914,1.453,2.268,1.396,0.958,0.768,0.719,0.722,0.720,0.800,0.800,µ¿,Macedonia,ÃµÅæ,EUROPE,refined
36.292,37.891,37.500,35.800,35.500,28.100,22.700,20.600,22.000,20.500,20.100,18.500,20.100,µ¿,Norway,ÃµÅæ,EUROPE,refined
571.100,565.834,565.100,576.900,574.400,535.700,522.000,501.900,565.500,560.400,577.500,586.007,592.359,µ¿,Poland,ÃµÅæ,EUROPE,refined
0.000,0.000,0.000,0.000,0.000,0.000,0.000,0.000,0.000,0.000,0.000,0.000,0.000,µ¿,Romania,ÃµÅæ,EUROPE,refined
912.000,890.900,874.900,894.000,876.200,867.300,948.600,1019.800,1027.700,1041.700,1041.600,1041.600,1041.600,µ¿,Russia,ÃµÅæ,EUROPE,refined
28.449,34.702,35.840,31.185,46.525,62.335,69.221,67.228,83.456,70.911,65.994,25.901,0.000,µ¿,Serbia,ÃµÅæ,EUROPE,refined
353.841,407.912,351.004,427.992,426.051,429.404,415.243,423.833,386.658,399.656,361.497,293.754,335.007,µ¿,Spain,ÃµÅæ,EUROPE,refined
219.316,214.050,206.193,217.337,206.059,207.220,219.462,224.487,201.345,225.987,223.038,217.779,207.205,µ¿,Sweden,ÃµÅæ,EUROPE,refined
23.378,24.039,16.536,15.176,18.511,27.148,30.639,27.091,26.137,22.211,26.565,26.400,26.400,µ¿,Ukraine,ÃµÅæ,EUROPE,refined
349.450,453.432,642.633,742.000,792.806,707.233,698.922,821.090,842.064,850.000,849.996,1578.470,1757.442,µ¿,Democratic Rep. Congo,ÃµÅæ,AFRICA,refined
4.000,4.000,4.000,3.999,3.997,3.996,3.987,3.960,3.960,3.960,3.960,3.960,3.960,µ¿,Egypt,ÃµÅæ,AFRICA,refined
78.466,78.057,75.353,57.666,64.418,53.878,66.197,43.891,35.648,21.840,20.432,20.535,19.365,µ¿,South Africa,ÃµÅæ,AFRICA,refined
516.400,530.200,523.000,499.400,495.600,426.400,466.200,458.200,264.500,378.400,378.398,356.125,388.862,µ¿,Zambia,ÃµÅæ,AFRICA,refined
4.400,6.000,6.000,0.000,0.000,0.000,0.000,0.000,0.000,0.000,0.000,0.000,0.000,µ¿,Zimbabwe,ÃµÅæ,AFRICA,refined
5163.063,5879.077,6667.104,7649.054,7963.565,8436.274,8889.487,8949.486,9446.997,10021.359,10487.457,11063.000,12988.000,µ¿,China,ÃµÅæ,ASIA,refined
3.741,4.358,3.574,3.060,2.108,1.841,1.352,0.904,0.703,0.000,0.000,0.000,0.000,µ¿,Cyprus,ÃµÅæ,ASIA,refined
661.595,689.312,619.413,764.488,791.863,768.222,844.936,555.189,427.429,340.005,491.194,546.000,501.800,µ¿,India,ÃµÅæ,ASIA,refined
274.925,188.589,214.287,244.972,199.645,253.501,270.940,274.627,258.031,288.950,272.930,284.386,260.730,µ¿,Indonesia,ÃµÅæ,ASIA,refined
228.339,226.455,189.322,194.953,184.473,159.699,137.877,208.595,234.697,248.764,262.674,266.151,288.761,µ¿,Iran,ÃµÅæ,ASIA,refined
1328.290,1516.354,1468.123,1554.224,1483.131,1553.021,1488.080,1594.517,1495.359,1583.100,1516.684,1556.452,1504.209,µ¿,Japan,ÃµÅæ,ASIA,refined
338.542,369.533,353.502,297.463,396.558,412.849,429.135,442.564,477.011,482.942,401.883,451.992,419.382,µ¿,Kazakhstan,ÃµÅæ,ASIA,refined
0.000,0.000,0.000,0.000,2.450,3.000,3.000,3.000,3.000,3.000,3.000,3.000,3.000,µ¿,Kyrgyzstan,ÃµÅæ,ASIA,refined
78.860,86.295,90.030,88.540,89.292,78.490,62.940,71.268,71.651,39.732,39.600,39.600,39.600,µ¿,Laos,ÃµÅæ,ASIA,refined
2.388,2.282,2.346,2.132,14.990,15.156,14.614,14.170,11.757,9.480,9.691,9.837,9.665,µ¿,Mongolia,ÃµÅæ,ASIA,refined
12.000,19.000,9.800,22.500,39.346,60.891,85.829,126.901,121.891,161.193,157.200,157.200,157.200,µ¿,Myanmar,ÃµÅæ,ASIA,refined
15.000,15.000,15.000,0.000,0.000,0.000,0.000,0.000,0.000,0.000,0.000,0.000,0.000,µ¿,North Korea,ÃµÅæ,ASIA,refined
7.500,0.600,20.100,21.000,26.526,11.323,5.089,6.027,0.000,0.000,0.000,0.000,0.000,µ¿,Oman,ÃµÅæ,ASIA,refined
164.100,98.400,155.700,130.000,153.000,185.100,207.704,165.200,162.881,209.368,205.494,178.166,206.056,µ¿,Philippines,ÃµÅæ,ASIA,refined
593.480,590.000,604.000,603.793,594.715,607.232,663.604,664.995,638.385,637.858,597.142,596.184,577.091,µ¿,South Korea,ÃµÅæ,ASIA,refined
86.400,86.000,75.000,71.300,84.000,52.400,95.000,126.300,116.000,126.100,126.100,126.099,126.100,µ¿,Turkey,ÃµÅæ,ASIA,refined
90.000,90.000,85.200,99.600,100.000,100.000,100.000,117.000,147.300,148.000,147.998,148.003,148.008,µ¿,Uzbekistan,ÃµÅæ,ASIA,refined
8.000,9.000,6.900,18.352,11.300,11.600,15.774,15.133,19.200,19.200,19.200,19.200,19.200,µ¿,Vietnam,ÃµÅæ,ASIA,refined
13.000,13.000,14.000,13.000,13.996,14.004,14.100,14.400,14.400,12.400,12.000,16.000,16.000,µ¿,Argentina,ÃµÅæ,AMERICA,refined
1.135,1.000,1.262,1.829,1.792,2.198,2.178,3.278,3.098,1.755,1.696,1.395,1.842,µ¿,Bolivia,ÃµÅæ,AMERICA,refined
222.550,186.000,234.150,240.300,241.469,225.558,143.100,147.137,175.242,54.269,26.684,18.243,20.301,µ¿,Brazil,ÃµÅæ,AMERICA,refined
273.760,275.990,321.511,325.352,330.901,314.324,321.000,291.301,280.603,276.100,287.506,278.834,301.244,µ¿,Canada,ÃµÅæ,AMERICA,refined
3092.400,2902.000,2754.900,2729.400,2688.400,2612.500,2429.500,2461.200,2269.100,2329.300,2274.000,2149.200,2132.300,µ¿,Chile,ÃµÅæ,AMERICA,refined
399.418,374.062,350.080,397.700,465.821,473.805,410.737,421.607,448.013,411.994,377.786,403.304,337.620,µ¿,Mexico,ÃµÅæ,AMERICA,refined
367.556,311.292,361.452,347.395,353.033,331.328,335.334,336.798,307.952,323.579,324.000,390.911,399.716,µ¿,Peru,ÃµÅæ,AMERICA,refined
1031.470,1001.400,1040.000,1094.600,1140.500,1221.300,1078.900,1111.100,1030.000,917.500,970.800,970.200,848.500,µ¿,U.S.A.,ÃµÅæ,AMERICA,refined
477.000,476.775,457.016,511.252,474.963,474.954,386.249,377.036,426.739,426.997,384.750,428.728,444.582,µ¿,Australia,ÃµÅæ,OCEANIA,refined
1.056,0.900,2.327,3.618,2.911,4.001,4.470,5.011,6.109,6.000,6.000,6.000,6.000,±Ý,Armenia,ÃµÅæ,EUROPE,mine
5.302,7.058,7.385,7.899,7.914,7.918,8.682,8.995,7.982,9.349,9.433,8.584,9.290,±Ý,Bulgaria,ÃµÅæ,EUROPE,mine
6.674,9.100,8.660,8.085,8.342,8.865,9.102,8.732,7.927,8.668,9.082,8.390,20.325,±Ý,Finland,ÃµÅæ,EUROPE,mine
3.100,3.100,4.300,2.300,3.100,3.120,3.120,3.120,4.052,4.768,4.800,4.800,4.800,±Ý,Georgia,ÃµÅæ,EUROPE,mine
0.000,0.026,0.822,2.328,1.605,0.940,0.575,1.454,1.163,1.817,1.729,1.752,2.119,±Ý,Greece,ÃµÅæ,EUROPE,mine
0.000,0.000,0.000,0.000,0.000,0.000,0.000,0.000,0.000,0.000,0.000,0.000,0.000,±Ý,Hungary,ÃµÅæ,EUROPE,mine
0.000,0.000,0.000,0.000,0.000,0.000,0.000,0.000,0.000,0.000,0.000,0.000,0.000,±Ý,Italy,ÃµÅæ,EUROPE,mine
0.500,0.500,0.500,0.500,0.500,0.500,0.500,0.500,0.500,0.500,0.500,0.500,0.500,±Ý,Romania,ÃµÅæ,EUROPE,mine
185.263,182.580,229.982,249.065,255.200,253.580,270.300,279.850,305.050,308.560,308.560,308.560,308.580,±Ý,Russia,ÃµÅæ,EUROPE,mine
0.216,1.529,1.994,1.942,2.128,1.291,1.605,1.991,1.913,1.602,1.400,1.359,1.246,±Ý,Spain,ÃµÅæ,EUROPE,mine
5.994,6.015,6.530,6.849,4.502,6.463,7.858,7.866,7.972,8.166,7.283,7.186,6.677,±Ý,Sweden,ÃµÅæ,EUROPE,mine
1.562,1.522,1.206,0.958,0.756,0.833,0.913,1.105,0.943,0.852,0.659,0.427,0.480,±Ý,Botswana,ÃµÅæ,AFRICA,mine
31.766,28.900,33.713,37.200,36.540,38.520,46.436,53.234,51.406,58.375,58.923,55.197,50.709,±Ý,Burkina Faso,ÃµÅæ,AFRICA,mine
10.000,17.000,18.000,36.000,31.790,30.664,31.586,36.777,34.657,31.501,25.263,32.338,34.526,±Ý,Democratic Republic Congo,ÃµÅæ,AFRICA,mine
6.305,8.179,11.102,11.734,13.657,17.139,16.941,14.694,14.946,14.069,12.919,13.716,13.421,±Ý,Egypt,ÃµÅæ,AFRICA,mine
11.787,9.735,2.863,0.905,1.390,1.400,2.633,3.768,2.440,3.020,3.000,3.000,3.000,±Ý,Eritrea,ÃµÅæ,AFRICA,mine
0.000,0.000,13.050,10.340,9.370,8.573,5.390,3.495,3.299,7.500,7.500,7.500,7.500,±Ý,Ethiopia,ÃµÅæ,AFRICA,mine
87.603,98.582,94.751,137.090,130.424,128.502,131.332,149.057,142.380,125.265,117.600,117.063,132.000,±Ý,Ghana,ÃµÅæ,AFRICA,mine
23.746,15.654,18.139,22.967,21.457,29.192,46.847,25.823,27.708,13.336,17.941,21.232,19.892,±Ý,Guinea,ÃµÅæ,AFRICA,mine
11.053,11.297,12.951,17.381,23.460,25.055,26.396,24.488,32.568,20.907,24.180,27.542,27.322,±Ý,Ivory Coast,ÃµÅæ,AFRICA,mine
0.000,0.000,0.000,0.620,0.294,4.704,6.071,7.289,4.803,4.397,7.860,11.719,14.216,±Ý,Liberia,ÃµÅæ,AFRICA,mine
36.174,40.884,41.392,45.000,50.503,46.903,49.622,60.893,66.793,71.200,73.107,71.129,75.204,±Ý,Mali,ÃµÅæ,AFRICA,mine
8.197,7.647,9.518,9.625,8.804,7.127,9.096,9.236,13.554,14.125,6.502,17.711,20.107,±Ý,Mauritania,ÃµÅæ,AFRICA,mine
0.000,0.000,0.000,2.139,6.213,6.738,7.293,6.458,6.490,6.471,6.850,6.812,9.400,±Ý,Namibia,ÃµÅæ,AFRICA,mine
1.846,1.677,1.151,0.732,1.220,0.999,0.914,6.208,5.224,2.361,1.777,1.800,1.800,±Ý,Niger,ÃµÅæ,AFRICA,mine
4.125,6.665,6.445,6.588,5.670,6.741,7.255,12.507,12.987,12.408,15.860,15.171,12.926,±Ý,Senegal,ÃµÅæ,AFRICA,mine
0.166,0.125,0.097,0.043,0.087,0.188,0.143,0.464,0.076,0.120,0.060,0.060,0.060,±Ý,Sierra Leone,ÃµÅæ,AFRICA,mine
186.677,154.180,168.980,151.622,144.504,142.202,137.290,117.144,105.185,95.887,105.019,88.883,96.629,±Ý,South Africa,ÃµÅæ,AFRICA,mine
2.208,46.133,70.000,73.300,82.400,93.400,107.300,93.600,57.700,100.000,93.600,93.600,93.600,±Ý,Sudan,ÃµÅæ,AFRICA,mine
37.085,39.012,42.534,40.481,43.293,45.155,43.490,39.304,48.408,55.508,53.154,53.928,51.937,±Ý,Tanzania,ÃµÅæ,AFRICA,mine
3.493,4.231,5.207,4.803,4.238,4.610,4.373,4.044,4.522,3.994,4.019,3.409,2.144,±Ý,Zambia,ÃµÅæ,AFRICA,mine
12.994,14.742,14.001,15.386,20.023,22.747,26.495,35.054,29.429,20.873,29.472,37.312,33.077,±Ý,Zimbabwe,ÃµÅæ,AFRICA,mine
1.775,1.563,1.619,1.873,2.229,1.895,3.667,3.476,3.712,3.571,3.314,3.175,2.517,±Ý,Azerbaijan,ÃµÅæ,ASIA,mine
360.960,403.060,428.163,451.799,450.053,453.486,426.142,401.119,380.230,365.340,328.980,372.050,375.155,±Ý,China,ÃµÅæ,ASIA,mine
2.342,1.734,1.438,1.566,1.370,1.551,1.496,1.548,1.896,1.757,1.221,1.343,1.396,±Ý,India,ÃµÅæ,ASIA,mine
76.763,69.291,59.804,69.023,92.339,80.868,99.030,111.868,108.690,86.376,102.611,115.924,121.524,±Ý,Indonesia,ÃµÅæ,ASIA,mine
8.691,7.233,7.411,7.114,7.699,6.455,6.372,6.453,7.058,7.589,6.226,5.128,4.140,±Ý,Japan,ÃµÅæ,ASIA,mine
36.846,40.006,42.552,50.339,63.720,74.626,85.348,97.429,103.063,118.104,114.690,129.624,132.763,±Ý,Kazakhstan,ÃµÅæ,ASIA,mine
18.940,10.606,19.298,17.922,17.015,18.561,19.336,17.862,19.938,18.246,5.568,1.101,1.100,±Ý,Kyrgyzstan,ÃµÅæ,ASIA,mine
3.898,6.414,6.837,5.265,6.893,6.765,5.988,5.598,5.208,4.492,3.940,4.023,3.455,±Ý,Laos,ÃµÅæ,ASIA,mine
4.219,4.625,3.823,4.308,4.732,2.150,2.125,2.977,4.598,1.716,1.795,1.826,1.667,±Ý,Malaysia,ÃµÅæ,ASIA,mine
5.703,5.995,8.904,19.967,20.828,18.436,19.849,20.655,16.251,20.226,19.222,19.742,14.854,±Ý,Mongolia,ÃµÅæ,ASIA,mine
0.000,0.000,0.000,0.000,0.000,0.000,0.000,0.000,0.000,0.000,0.000,0.000,0.000,±Ý,North Korea,ÃµÅæ,ASIA,mine
31.120,14.596,17.248,18.423,21.314,23.052,22.749,20.765,20.646,17.424,18.392,29.007,31.046,±Ý,Philippines,ÃµÅæ,ASIA,mine
4.612,4.977,4.158,4.793,5.089,7.010,10.334,12.908,12.379,12.721,10.238,10.420,12.558,±Ý,Saudi Arabia,ÃµÅæ,ASIA,mine
0.050,0.019,0.413,0.283,0.269,0.205,0.287,0.239,0.181,0.188,0.180,0.180,0.180,±Ý,South Korea,ÃµÅæ,ASIA,mine
2.240,2.401,2.675,3.436,4.400,5.000,5.500,6.432,8.100,8.764,6.400,6.400,6.400,±Ý,Tajikistan,ÃµÅæ,ASIA,mine
2.284,4.289,4.451,4.576,3.305,4.293,0.000,0.000,0.000,0.000,0.000,0.000,0.000,±Ý,Thailand,ÃµÅæ,ASIA,mine
23.248,28.537,33.980,31.260,27.500,24.030,23.090,27.100,38.000,42.100,42.000,31.000,31.200,±Ý,Turkey,ÃµÅæ,ASIA,mine
91.000,93.000,98.000,102.000,103.000,89.000,89.900,92.700,93.000,100.000,100.000,100.000,100.000,±Ý,Uzbekistan,ÃµÅæ,ASIA,mine
59.140,54.651,52.486,60.170,61.310,56.998,60.956,58.375,53.092,35.000,35.000,35.000,35.000,±Ý,Argentina,ÃµÅæ,AMERICA,mine
6.513,7.047,18.127,24.803,12.810,12.811,24.899,29.976,42.040,23.207,45.662,53.374,43.884,±Ý,Bolivia,ÃµÅæ,AMERICA,mine
65.209,66.773,79.573,81.038,76.867,94.153,79.717,85.198,75.226,62.906,62.400,92.400,92.400,±Ý,Brazil,ÃµÅæ,AMERICA,mine
100.380,105.271,133.636,152.460,162.504,163.888,171.111,194.155,190.542,186.564,187.008,192.357,189.186,±Ý,Canada,ÃµÅæ,AMERICA,mine
45.137,49.936,51.309,46.031,42.501,46.333,37.911,37.066,38.455,33.895,33.571,30.966,35.358,±Ý,Chile,ÃµÅæ,AMERICA,mine
55.907,66.220,55.980,57.900,59.638,63.157,43.128,35.905,37.476,47.635,43.686,34.800,34.800,±Ý,Colombia,ÃµÅæ,AMERICA,mine
0.495,3.379,26.452,35.081,31.488,37.933,35.243,31.633,31.872,28.318,25.222,21.608,15.342,±Ý,Dominican Republic,ÃµÅæ,AMERICA,mine
4.923,5.139,8.676,7.323,7.723,6.761,6.368,8.213,6.293,9.086,9.600,9.600,9.600,±Ý,Ecuador,ÃµÅæ,AMERICA,mine
11.894,6.449,6.386,5.928,5.610,3.910,1.647,0.000,0.000,0.000,0.000,0.000,0.000,±Ý,Guatemala,ÃµÅæ,AMERICA,mine
11.293,13.644,14.963,12.053,14.029,22.168,20.334,19.167,19.963,18.210,15.524,15.131,12.959,±Ý,Guyana,ÃµÅæ,AMERICA,mine
1.894,1.771,1.985,2.762,2.598,2.607,2.559,2.064,1.816,1.891,2.750,1.911,2.048,±Ý,Honduras,ÃµÅæ,AMERICA,mine
88.650,102.803,119.775,117.771,123.364,132.408,126.820,118.359,108.985,101.631,124.506,148.624,134.471,±Ý,Mexico,ÃµÅæ,AMERICA,mine
6.368,6.860,8.611,8.237,7.612,8.391,7.367,7.703,9.190,7.936,8.400,11.550,13.217,±Ý,Nicaragua,ÃµÅæ,AMERICA,mine
0.000,0.000,0.000,0.000,0.000,0.000,0.000,0.000,1.869,2.633,4.405,4.355,4.040,±Ý,Panama,ÃµÅæ,AMERICA,mine
164.013,161.764,151.339,140.097,146.823,153.006,151.964,140.211,128.413,84.639,96.585,96.733,99.727,±Ý,Peru,ÃµÅæ,AMERICA,mine
12.628,12.503,11.001,10.640,9.397,12.926,25.844,26.005,24.516,21.214,18.634,19.738,10.331,±Ý,Surinam,ÃµÅæ,AMERICA,mine
1.701,1.882,2.091,1.715,1.413,0.993,1.062,0.465,0.000,0.000,0.000,0.000,0.000,±Ý,Uruguay,ÃµÅæ,AMERICA,mine
234.000,234.900,229.703,210.077,213.808,232.230,236.778,225.528,200.370,193.400,181.800,172.700,168.000,±Ý,U.S.A.,ÃµÅæ,AMERICA,mine
7.000,6.960,1.675,1.056,0.558,0.558,0.480,0.480,0.480,0.480,0.480,0.480,0.480,±Ý,Venezuela,ÃµÅæ,AMERICA,mine
258.000,252.200,267.008,271.856,277.372,290.767,292.022,313.028,326.303,327.889,315.051,302.641,294.430,±Ý,Australia,ÃµÅæ,OCEANIA,mine
1.569,1.440,1.218,1.198,1.368,1.500,1.425,1.281,1.106,1.090,1.107,0.793,0.667,±Ý,Fiji,ÃµÅæ,OCEANIA,mine
11.760,10.049,12.468,11.989,12.687,9.866,10.288,10.045,8.217,5.860,6.003,5.625,5.795,±Ý,New Zealand,ÃµÅæ,OCEANIA,mine
62.271,57.616,63.479,56.279,57.640,61.952,65.246,67.562,74.386,52.500,44.900,39.300,37.100,±Ý,Papua New Guinea,ÃµÅæ,OCEANIA,mine
3.657,3.300,6.200,6.202,6.702,6.800,6.704,7.102,6.630,7.100,5.663,5.986,6.891,¿¬,Bosnia,ÃµÅæ,EUROPE,mine
14.654,13.171,16.914,16.372,18.680,23.613,21.100,22.100,23.500,19.500,26.422,25.600,26.006,¿¬,Bulgaria,ÃµÅæ,EUROPE,mine
13.425,13.343,15.537,14.508,12.600,14.300,12.610,14.717,13.606,20.052,16.769,10.100,12.341,¿¬,Greece,ÃµÅæ,EUROPE,mine
50.754,47.364,42.935,40.458,31.276,19.343,17.100,16.700,16.053,14.400,13.192,14.181,7.019,¿¬,Ireland,ÃµÅæ,EUROPE,mine
7.100,6.200,8.604,7.756,5.546,6.512,5.591,4.704,4.624,4.700,4.751,4.608,2.071,¿¬,Kosovo,ÃµÅæ,EUROPE,mine
37.295,39.183,42.826,43.810,37.922,31.034,39.900,41.902,43.491,45.000,43.536,41.821,44.405,¿¬,Macedonia,ÃµÅæ,EUROPE,mine
1.222,1.467,1.744,2.468,2.168,3.212,3.059,3.864,3.601,3.176,6.198,0.882,0.303,¿¬,Montenegro,ÃµÅæ,EUROPE,mine
48.000,47.000,43.000,43.000,42.000,37.000,36.000,38.000,45.100,45.000,42.840,31.000,30.998,¿¬,Poland,ÃµÅæ,EUROPE,mine
0.000,0.087,1.496,3.192,3.077,4.126,5.164,18.392,27.900,28.200,29.257,22.302,26.813,¿¬,Portugal,ÃµÅæ,EUROPE,mine
2.976,5.525,0.815,0.687,0.249,0.000,0.000,0.000,0.000,0.000,0.000,0.000,0.000,¿¬,Romania,ÃµÅæ,EUROPE,mine
119.000,151.000,162.200,196.000,180.000,204.300,204.700,206.100,207.900,200.000,202.986,165.969,205.703,¿¬,Russia,ÃµÅæ,EUROPE,mine
2.067,2.500,3.079,3.700,3.300,3.500,3.247,3.195,5.734,5.400,5.399,5.437,8.142,¿¬,Serbia,ÃµÅæ,EUROPE,mine
5.700,6.778,6.428,1.428,7.733,4.900,3.300,9.900,11.400,11.600,11.800,8.500,10.550,¿¬,Spain,ÃµÅæ,EUROPE,mine
62.029,63.551,59.556,70.866,79.354,75.800,71.100,64.700,68.600,65.402,65.712,79.706,76.006,¿¬,Sweden,ÃµÅæ,EUROPE,mine
0.300,0.300,0.100,0.100,0.104,0.108,0.108,0.108,0.200,0.100,0.100,0.096,0.096,¿¬,United Kingdom,ÃµÅæ,EUROPE,mine
0.000,0.000,2.200,1.947,2.000,2.200,0.000,0.000,0.000,0.000,0.000,0.000,0.000,¿¬,Burkina Faso,ÃµÅæ,AFRICA,mine
0.000,0.800,0.600,0.800,0.700,0.100,0.098,0.120,0.120,0.120,0.120,0.000,0.000,¿¬,Democratic Republic Congo,ÃµÅæ,AFRICA,mine
30.835,27.526,30.765,27.456,32.384,28.700,38.000,30.400,32.800,39.900,42.275,40.838,40.700,¿¬,Morocco,ÃµÅæ,AFRICA,mine
8.300,9.200,11.200,11.700,9.700,6.600,9.804,4.230,3.970,9.100,9.055,13.322,10.481,¿¬,Namibia,ÃµÅæ,AFRICA,mine
7.000,11.278,11.451,11.389,8.000,13.201,21.034,18.013,23.000,20.000,21.760,54.005,48.002,¿¬,Nigeria,ÃµÅæ,AFRICA,mine
0.556,0.000,0.000,0.000,0.000,0.000,0.000,0.000,0.000,0.000,0.000,0.000,0.000,¿¬,Senegal,ÃµÅæ,AFRICA,mine
54.460,52.489,41.848,29.348,34.573,39.344,48.150,35.118,42.936,28.048,31.224,39.974,41.160,¿¬,South Africa,ÃµÅæ,AFRICA,mine
2405.697,2613.200,2696.500,2608.600,2335.000,2337.500,1852.228,1892.173,1787.408,1970.000,2000.000,3214.114,2272.204,¿¬,China,ÃµÅæ,ASIA,mine
104.600,116.750,105.800,105.300,119.900,139.000,175.866,184.590,201.000,248.331,215.069,207.930,212.615,¿¬,India,ÃµÅæ,ASIA,mine
9.000,3.000,6.200,4.700,5.500,5.300,7.900,11.375,10.800,7.600,7.658,9.750,7.801,¿¬,Indonesia,ÃµÅæ,ASIA,mine
40.000,45.000,42.000,44.000,40.800,47.000,48.000,49.600,50.000,70.000,70.000,70.000,50.539,¿¬,Iran,ÃµÅæ,ASIA,mine
0.000,0.000,0.000,0.000,0.000,0.000,0.000,0.000,0.000,0.000,0.000,0.000,0.000,¿¬,Japan,ÃµÅæ,ASIA,mine
38.800,38.500,40.800,37.800,41.400,70.500,112.200,86.500,55.700,30.200,29.900,30.100,45.200,¿¬,Kazakhstan,ÃµÅæ,ASIA,mine
1.360,0.164,1.621,0.093,0.370,0.205,0.661,0.332,0.250,0.094,0.169,2.124,0.986,¿¬,Laos,ÃµÅæ,ASIA,mine
8.700,9.800,11.700,18.000,13.600,15.000,14.900,38.200,37.800,30.000,25.400,25.556,34.649,¿¬,Myanmar,ÃµÅæ,ASIA,mine
28.507,38.387,32.455,32.818,31.684,32.116,32.620,30.000,25.000,25.000,25.000,25.000,25.000,¿¬,North Korea,ÃµÅæ,ASIA,mine
0.900,0.800,0.316,0.165,0.130,0.997,2.539,4.018,8.088,7.094,7.277,8.886,22.542,¿¬,Pakistan,ÃµÅæ,ASIA,mine
0.550,0.000,0.000,0.000,0.000,0.000,0.000,0.000,0.000,0.000,0.000,0.000,0.000,¿¬,Saudi Arabia,ÃµÅæ,ASIA,mine
2.577,1.834,2.500,3.592,2.921,2.836,3.760,2.340,1.932,1.681,1.528,1.526,1.530,¿¬,South Korea,ÃµÅæ,ASIA,mine
9.392,16.000,17.000,28.000,42.379,62.987,61.100,52.990,65.570,55.000,56.000,52.878,43.550,¿¬,Tajikistan,ÃµÅæ,ASIA,mine
39.550,54.332,76.600,62.200,75.900,64.660,74.963,75.989,71.500,75.000,93.700,96.216,80.493,¿¬,Turkey,ÃµÅæ,ASIA,mine
6.391,0.400,1.900,2.800,1.900,0.800,4.500,14.500,12.500,14.000,16.404,20.563,19.044,¿¬,Vietnam,ÃµÅæ,ASIA,mine
26.074,26.475,28.700,29.900,29.834,28.000,40.100,28.300,29.800,13.100,17.100,18.600,20.762,¿¬,Argentina,ÃµÅæ,AMERICA,mine
100.051,81.095,82.130,75.572,75.273,89.510,111.468,112.139,88.000,64.619,92.767,89.761,123.263,¿¬,Bolivia,ÃµÅæ,AMERICA,mine
8.545,8.922,8.020,10.978,10.000,9.000,7.000,7.583,5.700,5.300,6.300,8.000,9.800,¿¬,Brazil,ÃµÅæ,AMERICA,mine
67.506,64.115,20.678,3.617,3.809,12.000,20.477,17.874,22.608,4.000,17.800,17.200,16.800,¿¬,Canada,ÃµÅæ,AMERICA,mine
0.841,0.410,1.829,2.678,2.979,1.110,1.562,0.712,0.000,1.386,0.382,0.374,0.372,¿¬,Chile,ÃµÅæ,AMERICA,mine
0.000,0.000,0.000,0.000,0.000,0.000,0.000,0.000,35.000,30.000,30.000,30.000,30.000,¿¬,Cuba,ÃµÅæ,AMERICA,mine
0.000,0.001,1.090,9.131,10.200,9.969,5.375,0.000,0.000,0.000,0.700,0.702,0.708,¿¬,Guatemala,ÃµÅæ,AMERICA,mine
4.900,12.400,11.600,15.500,9.800,4.000,6.760,9.896,12.308,6.100,6.000,5.304,7.118,¿¬,Honduras,ÃµÅæ,AMERICA,mine
223.717,238.091,253.361,250.462,260.798,241.271,241.200,235.395,259.457,260.390,272.231,272.112,241.907,¿¬,Mexico,ÃµÅæ,AMERICA,mine
230.019,249.183,266.472,278.486,315.784,314.421,306.794,289.100,308.116,241.548,264.124,255.443,273.014,¿¬,Peru,ÃµÅæ,AMERICA,mine
334.095,336.061,342.583,380.877,372.596,341.548,312.567,280.482,274.000,290.003,296.008,275.307,268.063,¿¬,U.S.A.,ÃµÅæ,AMERICA,mine
621.000,620.600,711.000,728.000,654.000,440.000,395.000,446.000,501.100,494.300,485.491,437.825,472.244,¿¬,Australia,ÃµÅæ,OCEANIA,mine
26.200,24.500,25.000,25.100,24.400,25.000,27.000,27.000,27.000,27.000,27.000,27.000,27.000,¿¬,Austria,ÃµÅæ,EUROPE,refined
118.800,119.000,129.000,132.000,130.000,142.100,136.000,138.000,140.100,100.100,122.000,127.200,120.000,¿¬,Belgium,ÃµÅæ,EUROPE,refined
0.000,0.000,0.000,0.000,8.000,15.000,12.000,10.000,8.000,7.700,3.500,3.500,3.600,¿¬,Belarus,ÃµÅæ,EUROPE,refined
72.220,86.156,90.742,93.394,96.889,100.816,103.105,102.700,102.500,106.145,104.494,94.888,81.460,¿¬,Bulgaria,ÃµÅæ,EUROPE,refined
38.000,41.000,42.000,44.000,43.000,43.000,43.000,43.000,43.000,42.000,42.000,42.000,39.900,¿¬,Czech Republic,ÃµÅæ,EUROPE,refined
12.100,12.022,10.580,8.500,8.328,8.348,9.600,7.400,8.209,9.900,10.000,12.000,13.000,¿¬,Estonia,ÃµÅæ,EUROPE,refined
80.000,83.000,71.000,72.000,72.000,70.000,70.000,70.000,70.000,60.000,70.000,69.700,68.000,¿¬,France,ÃµÅæ,EUROPE,refined
429.105,426.397,400.035,379.603,377.600,343.300,356.400,313.000,332.300,327.000,310.000,230.000,356.000,¿¬,Germany,ÃµÅæ,EUROPE,refined
7.000,6.000,7.000,18.000,24.000,28.000,28.000,30.000,30.000,28.000,29.000,40.000,40.800,¿¬,Greece,ÃµÅæ,EUROPE,refined
18.000,17.000,17.000,17.200,18.000,18.000,17.500,15.000,16.000,12.000,14.000,13.600,15.000,¿¬,Ireland,ÃµÅæ,EUROPE,refined
149.500,138.400,179.700,209.600,209.900,187.200,173.700,167.500,159.100,152.700,158.300,133.400,133.250,¿¬,Italy,ÃµÅæ,EUROPE,refined
21.000,27.000,27.000,31.000,32.000,31.000,31.000,31.000,36.000,34.000,34.000,33.700,36.000,¿¬,Netherlands,ÃµÅæ,EUROPE,refined
121.500,141.000,145.400,149.000,155.000,154.000,157.000,159.000,162.600,162.600,144.000,135.300,154.152,¿¬,Poland,ÃµÅæ,EUROPE,refined
4.000,4.000,4.000,8.000,8.000,8.000,10.000,9.000,10.000,9.000,10.000,9.800,9.600,¿¬,Portugal,ÃµÅæ,EUROPE,refined
7.000,13.200,14.000,19.000,23.000,17.000,24.000,21.000,20.000,19.000,20.000,21.800,21.600,¿¬,Romania,ÃµÅæ,EUROPE,refined
103.000,110.000,106.000,96.500,165.000,193.000,206.000,201.000,190.000,192.000,190.000,200.200,130.250,¿¬,Russia,ÃµÅæ,EUROPE,refined
12.000,13.000,15.000,15.000,15.000,6.000,15.000,15.000,16.000,14.000,15.000,16.400,16.800,¿¬,Serbia,ÃµÅæ,EUROPE,refined
,0.000,9.000,8.000,8.000,8.000,9.000,9.000,9.000,8.000,9.000,9.000,9.000,¿¬,Slovakia,ÃµÅæ,EUROPE,refined
15.000,14.000,12.000,11.000,12.000,12.000,12.000,12.000,12.000,11.000,12.000,12.000,12.000,¿¬,Slovenia,ÃµÅæ,EUROPE,refined
177.000,160.000,157.000,166.000,172.000,168.800,188.400,190.000,192.000,174.600,192.000,192.000,192.000,¿¬,Spain,ÃµÅæ,EUROPE,refined
52.438,61.528,68.713,68.708,71.293,74.365,78.242,75.785,75.327,74.371,73.431,71.165,76.149,¿¬,Sweden,ÃµÅæ,EUROPE,refined
55.337,43.240,48.753,42.900,31.756,28.500,33.600,29.800,24.100,25.000,59.066,62.400,62.400,¿¬,Ukraine,ÃµÅæ,EUROPE,refined
275.000,311.930,296.000,281.000,304.000,310.000,309.000,303.000,311.000,312.600,408.900,436.400,404.600,¿¬,United Kingdom,ÃµÅæ,EUROPE,refined
10.000,6.000,9.000,9.000,9.000,8.000,9.000,9.000,9.000,8.000,9.000,9.600,9.400,¿¬,Algeria,ÃµÅæ,AFRICA,refined
2.400,2.961,3.076,2.817,3.048,1.823,1.150,1.150,1.012,1.000,1.000,1.000,1.000,¿¬,Ghana,ÃµÅæ,AFRICA,refined
1.200,1.200,1.200,1.200,1.200,1.200,1.200,1.200,1.200,1.200,1.200,1.200,1.200,¿¬,Kenya,ÃµÅæ,AFRICA,refined
39.500,20.600,20.000,15.000,14.000,11.000,8.000,8.000,8.000,7.000,8.000,7.600,7.200,¿¬,Morocco,ÃµÅæ,AFRICA,refined
0.800,1.700,1.933,2.310,2.494,2.844,3.828,3.422,3.943,1.357,4.594,5.263,5.300,¿¬,Mozambique,ÃµÅæ,AFRICA,refined
9.000,15.000,9.000,9.000,2.000,9.000,9.000,6.000,12.000,12.000,15.000,15.000,15.000,¿¬,Nigeria,ÃµÅæ,AFRICA,refined
2.400,2.383,2.608,2.187,1.856,3.576,3.424,3.693,3.500,4.200,4.868,5.924,5.920,¿¬,Senegal,ÃµÅæ,AFRICA,refined
58.000,58.000,58.000,52.000,52.000,54.000,55.000,56.000,56.000,55.000,56.000,56.200,56.400,¿¬,South Africa,ÃµÅæ,AFRICA,refined
1.000,1.000,1.000,1.000,0.000,0.000,0.000,0.000,0.000,0.000,0.000,0.000,0.000,¿¬,Tunisia,ÃµÅæ,AFRICA,refined
,0.000,0.000,0.000,0.000,0.000,0.000,0.000,0.000,3.400,6.056,6.470,6.500,¿¬,Tanzania,ÃµÅæ,AFRICA,refined
3.000,4.000,5.000,5.000,4.000,5.000,4.000,5.000,5.000,4.000,5.000,4.400,4.800,¿¬,Zambia,ÃµÅæ,AFRICA,refined
4603.600,4590.900,4935.100,4704.300,4421.600,4603.900,4726.200,4942.947,5221.478,4966.000,7365.000,7811.000,7564.000,¿¬,China,ÃµÅæ,ASIA,refined
379.893,461.371,462.285,477.000,496.345,689.500,812.400,883.000,921.900,818.100,893.048,949.000,1021.100,¿¬,India,ÃµÅæ,ASIA,refined
47.000,45.000,42.000,46.000,46.000,48.000,46.000,54.000,54.000,53.000,54.000,54.000,54.000,¿¬,Indonesia,ÃµÅæ,ASIA,refined
82.000,93.700,76.000,72.000,78.000,130.000,132.000,125.000,122.000,117.000,120.000,125.000,126.000,¿¬,Iran,ÃµÅæ,ASIA,refined
27.000,27.000,27.000,27.000,26.000,27.000,25.000,28.700,24.000,20.000,20.000,20.200,20.400,¿¬,Israel,ÃµÅæ,ASIA,refined
252.562,258.527,251.854,240.045,232.281,239.501,239.382,238.413,236.824,237.300,245.000,240.954,225.691,¿¬,Japan,ÃµÅæ,ASIA,refined
111.518,87.854,91.100,125.289,119.893,134.124,149.453,154.707,130.990,128.014,120.508,109.088,101.497,¿¬,Kazakhstan,ÃµÅæ,ASIA,refined
7.200,7.200,7.200,7.200,10.000,11.300,11.900,6.000,26.000,22.000,20.000,20.200,20.400,¿¬,Lebanon,ÃµÅæ,ASIA,refined
34.635,26.429,30.944,26.200,25.300,28.000,30.000,30.000,30.000,33.000,33.000,36.000,36.000,¿¬,Malaysia,ÃµÅæ,ASIA,refined
0.216,0.216,0.216,0.200,0.600,5.900,12.000,12.000,12.000,11.000,11.000,14.500,15.600,¿¬,Myanmar,ÃµÅæ,ASIA,refined
7.000,7.000,7.000,7.000,7.000,2.000,2.000,2.000,3.000,3.000,3.000,3.000,3.000,¿¬,North Korea,ÃµÅæ,ASIA,refined
3.000,3.000,9.000,9.000,0.100,0.100,5.000,18.000,32.000,32.000,32.000,31.600,35.000,¿¬,Pakistan,ÃµÅæ,ASIA,refined
34.000,32.000,34.000,30.000,30.000,14.000,10.000,10.000,10.000,10.000,10.000,10.400,10.800,¿¬,Philippines,ÃµÅæ,ASIA,refined
38.000,38.000,38.000,38.000,37.000,60.000,72.000,68.000,68.000,66.000,70.000,69.800,69.600,¿¬,Saudi Arabia,ÃµÅæ,ASIA,refined
423.000,460.000,522.000,632.538,656.500,812.500,806.600,801.000,813.000,770.000,800.000,702.463,690.930,¿¬,South Korea,ÃµÅæ,ASIA,refined
2.100,3.760,4.800,4.528,2.500,3.004,3.524,4.732,3.719,3.500,4.054,4.976,5.000,¿¬,Sri Lanka,ÃµÅæ,ASIA,refined
36.000,36.000,36.000,40.000,46.000,48.000,48.000,58.000,55.000,55.000,55.000,61.600,61.200,¿¬,Taiwan,ÃµÅæ,ASIA,refined
93.000,90.000,90.000,92.000,86.000,86.000,88.000,85.000,82.000,80.000,85.000,82.600,79.200,¿¬,Thailand,ÃµÅæ,ASIA,refined
48.000,50.000,50.000,55.000,56.572,58.000,58.000,58.000,60.000,56.000,56.000,57.800,57.600,¿¬,Turkey,ÃµÅæ,ASIA,refined
2.016,2.000,2.000,16.000,18.000,22.000,25.000,25.000,25.000,25.000,25.000,25.000,25.000,¿¬,United Arab Emirates,ÃµÅæ,ASIA,refined
84.559,90.265,90.980,95.134,81.200,38.300,43.600,39.900,28.000,19.000,19.000,19.000,18.986,¿¬,Argentina,ÃµÅæ,AMERICA,refined
0.516,0.516,0.000,2.000,0.450,0.000,1.112,1.000,1.230,3.200,3.256,4.000,5.797,¿¬,Bolivia,ÃµÅæ,AMERICA,refined
138.000,165.397,151.964,160.400,176.200,225.000,243.000,250.100,253.700,257.500,265.000,278.000,286.800,¿¬,Brazil,ÃµÅæ,AMERICA,refined
282.591,279.150,281.780,281.456,268.863,274.200,274.061,249.884,262.000,189.000,197.350,197.400,197.250,¿¬,Canada,ÃµÅæ,AMERICA,refined
0.000,0.000,0.000,0.000,7.000,8.000,10.400,10.000,9.000,8.000,10.000,9.700,11.400,¿¬,Costa Rica,ÃµÅæ,AMERICA,refined
42.000,42.000,42.000,42.000,42.000,42.000,42.000,42.000,42.000,41.000,41.000,40.850,40.800,¿¬,Colombia,ÃµÅæ,AMERICA,refined
6.477,7.057,7.344,7.698,6.889,5.000,5.000,5.000,5.000,5.000,5.000,5.002,5.000,¿¬,Cuba,ÃµÅæ,AMERICA,refined
0.000,0.000,0.000,0.000,20.000,19.000,25.000,25.000,31.800,23.400,21.700,19.300,20.600,¿¬,Ecuador,ÃµÅæ,AMERICA,refined
18.000,11.000,12.000,12.000,12.000,12.000,12.000,12.000,12.000,11.000,12.000,12.000,12.000,¿¬,Guatemala,ÃµÅæ,AMERICA,refined
0.000,0.000,0.000,0.000,0.000,0.000,4.500,8.000,5.000,5.000,6.000,6.000,8.100,¿¬,Honduras,ÃµÅæ,AMERICA,refined
0.000,0.000,0.000,0.000,0.000,0.000,4.800,0.000,0.000,0.000,0.000,0.000,0.000,¿¬,Jamaica,ÃµÅæ,AMERICA,refined
397.721,384.108,371.215,363.490,488.640,401.391,422.840,433.109,446.889,410.000,423.200,428.660,456.692,¿¬,Mexico,ÃµÅæ,AMERICA,refined
0.000,0.000,0.000,0.000,0.000,0.000,0.000,0.000,0.000,0.000,0.000,0.000,0.000,¿¬,Nicaragua,ÃµÅæ,AMERICA,refined
0.000,4.600,84.567,44.200,1.494,10.000,15.000,15.000,15.000,10.200,13.000,14.400,14.400,¿¬,Peru,ÃµÅæ,AMERICA,refined
1248.000,1221.000,1308.000,1064.000,1050.000,1113.000,1127.000,1140.000,1169.600,1100.000,975.000,951.000,986.500,¿¬,U.S.A.,ÃµÅæ,AMERICA,refined
37.020,37.020,37.020,37.020,20.000,16.000,16.000,9.000,8.000,7.000,7.000,7.600,7.200,¿¬,Venezuela,ÃµÅæ,AMERICA,refined
232.000,207.000,232.400,226.000,228.000,225.000,211.000,188.300,124.800,155.600,166.904,165.977,222.458,¿¬,Australia,ÃµÅæ,OCEANIA,refined
13.000,3.000,0.000,0.000,0.000,0.000,0.000,0.000,0.000,0.000,0.000,0.000,0.000,¿¬,New Zealand,ÃµÅæ,OCEANIA,refined
4.817,5.445,5.934,6.022,5.324,5.458,5.590,5.666,7.305,12.681,11.311,11.392,11.910,¸ô¸®ºêµ§,Armenia,ÃµÅæ,EUROPE,mine
0.400,0.400,0.400,0.400,0.400,0.400,0.400,0.399,0.400,0.400,0.000,0.000,0.000,¸ô¸®ºêµ§,Bulgaria,ÃµÅæ,EUROPE,mine
4.800,4.800,4.800,4.800,8.400,9.800,10.800,10.800,10.800,10.800,10.800,10.800,10.800,¸ô¸®ºêµ§,Russia,ÃµÅæ,EUROPE,mine
0.000,0.000,0.000,0.000,0.000,0.000,0.000,0.000,0.000,0.000,0.000,0.000,0.000,¸ô¸®ºêµ§,Niger,ÃµÅæ,AFRICA,mine
103.320,120.870,122.265,128.520,136.472,129.150,117.100,99.390,104.435,96.008,95.273,104.726,94.035,¸ô¸®ºêµ§,China,ÃµÅæ,ASIA,mine
3.869,2.997,3.000,3.064,3.553,3.148,3.292,1.656,0.690,2.393,3.078,3.348,5.787,¸ô¸®ºêµ§,Iran,ÃµÅæ,ASIA,mine
0.005,0.005,0.005,0.003,0.005,0.004,0.004,0.010,0.003,0.002,0.000,4.380,4.380,¸ô¸®ºêµ§,Japan,ÃµÅæ,ASIA,mine
0.540,0.540,0.540,0.540,0.540,0.540,0.540,0.540,0.258,0.900,0.960,2.109,3.768,¸ô¸®ºêµ§,Kazakhstan,ÃµÅæ,ASIA,mine
1.957,1.904,1.818,2.000,2.557,2.432,2.596,2.499,2.492,2.608,2.972,2.780,2.653,¸ô¸®ºêµ§,Mongolia,ÃµÅæ,ASIA,mine
1.708,1.575,1.802,0.908,0.811,1.708,1.102,1.200,0.000,0.000,0.000,0.000,0.000,¸ô¸®ºêµ§,Argentina,ÃµÅæ,AMERICA,mine
8.543,8.936,7.955,9.358,2.330,2.834,4.765,5.235,4.384,2.671,1.444,0.961,0.998,¸ô¸®ºêµ§,Canada,ÃµÅæ,AMERICA,mine
40.891,35.095,38.715,48.770,52.577,55.647,62.746,60.705,54.758,59.381,49.426,45.627,44.118,¸ô¸®ºêµ§,Chile,ÃµÅæ,AMERICA,mine
10.881,11.366,12.559,13.618,12.279,11.231,13.985,15.084,16.890,18.562,18.919,15.496,16.533,¸ô¸®ºêµ§,Mexico,ÃµÅæ,AMERICA,mine
19.141,16.790,18.140,17.018,20.153,25.757,28.141,28.035,30.441,32.185,34.148,31.587,33.476,¸ô¸®ºêµ§,Peru,ÃµÅæ,AMERICA,mine
67.730,56.160,60.920,68.480,50.860,35.740,40.480,41.960,43.570,50.760,40.470,52.640,51.990,¸ô¸®ºêµ§,U.S.A.,ÃµÅæ,AMERICA,mine
0.000,0.000,0.000,0.000,0.000,0.000,0.000,0.000,0.000,0.000,0.000,0.000,0.000,¸ô¸®ºêµ§,Australia,ÃµÅæ,OCEANIA,mine
3.528,0.728,2.086,4.889,6.309,3.952,5.301,4.204,2.830,3.764,3.615,1.423,0.548,´ÏÄÌ,Albania,ÃµÅæ,EUROPE,mine
19.081,19.955,19.579,19.830,10.643,22.034,36.201,43.572,38.530,41.429,42.098,60.360,69.568,´ÏÄÌ,Finland,ÃµÅæ,EUROPE,mine
21.100,21.550,19.350,21.410,19.750,19.394,19.080,17.890,13.715,7.060,4.755,1.680,0.000,´ÏÄÌ,Greece,ÃµÅæ,EUROPE,mine
7.632,4.436,7.607,6.724,6.650,4.306,7.120,4.791,3.314,3.958,4.735,0.339,0.360,´ÏÄÌ,Kosovo,ÃµÅæ,EUROPE,mine
3.600,1.704,0.000,0.000,0.000,0.000,0.000,0.000,0.000,0.000,0.000,0.000,0.000,´ÏÄÌ,Macedonia,ÃµÅæ,EUROPE,mine
0.326,0.253,0.380,0.346,0.265,0.214,0.172,0.254,0.190,0.274,0.285,0.263,0.253,´ÏÄÌ,Norway,ÃµÅæ,EUROPE,mine
0.850,0.800,0.600,0.780,0.840,0.770,0.720,0.700,0.720,0.710,0.720,0.800,0.840,´ÏÄÌ,Poland,ÃµÅæ,EUROPE,mine
270.000,268.700,264.000,264.000,261.000,221.387,215.167,218.342,225.704,232.532,189.945,218.703,208.155,´ÏÄÌ,Russia,ÃµÅæ,EUROPE,mine
0.000,2.398,7.574,8.631,7.213,0.000,0.000,0.000,0.000,0.000,0.000,0.000,0.000,´ÏÄÌ,Spain,ÃµÅæ,EUROPE,mine
15.675,17.948,22.848,14.952,16.788,16.878,0.000,0.000,0.000,0.000,0.000,0.000,0.000,´ÏÄÌ,Botswana,ÃµÅæ,AFRICA,mine
0.000,0.000,0.000,0.000,0.000,0.000,0.576,6.852,16.421,18.988,27.849,33.534,36.279,´ÏÄÌ,Ivory Coast,ÃµÅæ,AFRICA,mine
0.000,5.695,25.149,37.054,47.271,42.105,35.474,33.183,33.733,9.900,29.352,35.629,37.914,´ÏÄÌ,Madagascar,ÃµÅæ,AFRICA,mine
0.217,0.288,0.160,0.000,0.203,0.188,0.196,0.126,0.131,0.142,0.144,0.144,0.144,´ÏÄÌ,Morocco,ÃµÅæ,AFRICA,mine
43.320,45.946,51.208,54.956,56.689,48.994,48.463,43.236,43.466,34.908,31.846,29.033,29.750,´ÏÄÌ,South Africa,ÃµÅæ,AFRICA,mine
2.888,0.000,0.000,0.000,0.000,0.000,0.000,0.000,1.230,3.780,3.680,3.942,6.550,´ÏÄÌ,Zambia,ÃµÅæ,AFRICA,mine
7.993,7.898,12.961,16.633,16.109,17.743,16.617,17.850,16.278,16.336,16.213,16.213,16.927,´ÏÄÌ,Zimbabwe,ÃµÅæ,AFRICA,mine
89.792,93.300,93.200,101.100,101.400,100.200,102.300,108.200,104.674,105.048,98.602,88.200,88.200,´ÏÄÌ,China,ÃµÅæ,ASIA,mine
226.907,622.218,811.481,145.548,128.605,202.946,358.242,619.937,863.965,780.661,1042.814,1605.378,2134.837,´ÏÄÌ,Indonesia,ÃµÅæ,ASIA,mine
0.000,0.000,0.000,0.000,0.000,0.000,0.000,0.000,0.000,0.000,0.000,0.000,0.000,´ÏÄÌ,Kazakhstan,ÃµÅæ,ASIA,mine
0.800,4.900,1.670,19.714,22.902,22.600,21.785,17.802,14.445,24.539,21.127,8.434,5.901,´ÏÄÌ,Myanmar,ÃµÅæ,ASIA,mine
319.353,317.621,313.050,443.909,466.754,345.506,379.377,389.966,341.325,328.911,393.687,340.127,382.568,´ÏÄÌ,Philippines,ÃµÅæ,ASIA,mine
0.848,3.814,1.178,3.035,8.637,9.337,14.767,13.559,4.742,20.201,11.647,14.479,14.400,´ÏÄÌ,Turkey,ÃµÅæ,ASIA,mine
0.000,0.000,1.200,6.932,8.607,4.272,0.000,0.000,0.000,0.000,0.000,0.000,0.000,´ÏÄÌ,Vietnam,ÃµÅæ,ASIA,mine
74.579,89.565,74.387,85.600,89.320,78.626,68.803,65.254,55.744,77.133,75.988,79.300,74.400,´ÏÄÌ,Brazil,ÃµÅæ,AMERICA,mine
219.025,211.701,227.743,228.867,234.519,235.034,214.302,185.962,193.056,157.990,116.234,97.400,126.169,´ÏÄÌ,Canada,ÃµÅæ,AMERICA,mine
37.818,51.594,49.386,41.200,36.700,37.085,40.600,43.100,40.600,36.100,38.300,41.800,38.700,´ÏÄÌ,Colombia,ÃµÅæ,AMERICA,mine
68.552,64.595,55.620,51.587,50.064,47.753,49.290,48.951,45.492,50.061,49.929,51.101,47.213,´ÏÄÌ,Cuba,ÃµÅæ,AMERICA,mine
13.498,15.186,9.400,0.000,0.000,9.913,15.632,19.214,28.450,21.316,27.320,28.400,19.424,´ÏÄÌ,Dominican Republic,ÃµÅæ,AMERICA,mine
0.000,2.422,10.184,46.914,56.506,44.746,55.730,39.020,32.133,49.643,64.933,50.762,18.663,´ÏÄÌ,Guatemala,ÃµÅæ,AMERICA,mine
0.000,0.000,0.000,4.300,27.167,24.114,22.081,17.573,13.494,16.718,18.353,17.475,16.429,´ÏÄÌ,U.S.A.,ÃµÅæ,AMERICA,mine
13.400,8.100,3.261,2.500,4.851,0.000,0.000,0.000,0.000,0.000,0.000,0.000,0.000,´ÏÄÌ,Venezuela,ÃµÅæ,AMERICA,mine
215.014,282.066,292.620,266.181,225.227,203.136,185.466,160.022,158.750,169.344,150.875,155.007,148.840,´ÏÄÌ,Australia,ÃµÅæ,OCEANIA,mine
128.113,131.693,164.406,175.174,193.199,204.210,215.382,216.225,208.185,199.697,186.284,199.951,231.028,´ÏÄÌ,New Caledonia,ÃµÅæ,OCEANIA,mine
0.000,5.283,11.370,20.987,25.581,22.269,34.666,35.355,32.722,33.659,31.594,34.304,33.604,´ÏÄÌ,Papua New Guinea,ÃµÅæ,OCEANIA,mine
0.500,0.500,0.500,0.600,0.700,0.700,0.700,0.700,0.700,0.700,0.700,1.000,1.000,´ÏÄÌ,Austria,ÃµÅæ,EUROPE,refined
48.524,45.518,44.252,42.603,43.479,53.653,59.716,60.765,62.422,63.352,48.789,69.308,70.031,´ÏÄÌ,Finland,ÃµÅæ,EUROPE,refined
13.916,13.546,12.916,8.812,6.761,4.287,2.417,3.700,6.900,7.300,8.900,6.842,7.125,´ÏÄÌ,France,ÃµÅæ,EUROPE,refined
18.530,18.600,16.827,18.481,17.113,17.069,16.781,15.719,11.974,6.011,4.079,1.444,0.000,´ÏÄÌ,Greece,ÃµÅæ,EUROPE,refined
7.500,4.436,7.607,6.724,6.650,2.519,8.501,4.388,5.234,7.811,5.911,0.000,0.000,´ÏÄÌ,Kosovo,ÃµÅæ,EUROPE,refined
17.292,19.247,20.001,18.054,17.699,10.607,7.175,10.100,15.202,17.747,17.714,8.349,3.812,´ÏÄÌ,Macedonia,ÃµÅæ,EUROPE,refined
92.427,91.687,91.000,90.500,91.200,92.700,86.500,90.800,92.100,91.100,91.200,81.900,95.000,´ÏÄÌ,Norway,ÃµÅæ,EUROPE,refined
0.850,0.800,0.600,0.780,0.840,0.770,0.720,0.700,0.720,0.710,0.720,0.800,0.840,´ÏÄÌ,Poland,ÃµÅæ,EUROPE,refined
266.000,254.000,242.000,239.436,231.916,192.095,157.395,150.325,154.058,154.402,121.088,149.269,146.104,´ÏÄÌ,Russia,ÃµÅæ,EUROPE,refined
22.475,20.833,26.751,25.129,20.842,18.920,15.605,16.331,15.133,15.910,15.657,10.093,0.733,´ÏÄÌ,Ukraine,ÃµÅæ,EUROPE,refined
37.400,39.400,42.400,39.100,39.094,43.104,37.090,38.211,34.976,35.177,30.654,33.384,35.851,´ÏÄÌ,United Kingdom,ÃµÅæ,EUROPE,refined
0.000,5.695,25.149,37.054,47.271,42.105,35.474,33.183,33.733,9.900,29.352,35.629,37.914,´ÏÄÌ,Madagascar,ÃµÅæ,AFRICA,refined
36.000,32.500,32.300,34.700,41.957,42.110,42.988,39.494,39.137,29.122,37.958,37.590,35.949,´ÏÄÌ,South Africa,ÃµÅæ,AFRICA,refined
3.700,1.800,2.800,2.000,0.000,0.000,0.000,0.000,0.000,0.000,0.000,0.000,0.000,´ÏÄÌ,Zimbabwe,ÃµÅæ,AFRICA,refined
469.744,590.872,710.657,537.137,453.197,436.973,620.982,732.919,852.375,752.189,813.790,885.955,956.621,´ÏÄÌ,China,ÃµÅæ,ASIA,refined
0.000,0.000,1.010,2.028,1.861,0.329,0.092,0.077,0.055,0.000,0.000,0.000,0.000,´ÏÄÌ,India,ÃµÅæ,ASIA,refined
19.690,18.373,22.849,21.603,47.430,105.071,197.338,287.736,386.418,630.358,873.144,1139.640,1455.111,´ÏÄÌ,Indonesia,ÃµÅæ,ASIA,refined
156.883,169.556,177.810,177.782,192.789,195.565,187.046,186.736,182.652,171.044,180.721,163.401,153.248,´ÏÄÌ,Japan,ÃµÅæ,ASIA,refined
0.000,4.900,1.670,19.714,22.902,22.600,21.785,17.802,14.445,24.539,21.127,8.434,5.901,´ÏÄÌ,Myanmar,ÃµÅæ,ASIA,refined
16.863,23.673,28.130,24.964,39.007,45.616,47.402,45.593,46.269,45.604,47.270,31.959,40.022,´ÏÄÌ,South Korea,ÃµÅæ,ASIA,refined
43.222,58.779,56.224,75.324,70.586,77.162,68.500,65.200,54.200,59.500,60.800,63.400,57.000,´ÏÄÌ,Brazil,ÃµÅæ,AMERICA,refined
142.445,146.850,152.728,149.486,149.717,158.299,154.759,137.411,124.838,124.043,118.985,94.407,88.172,´ÏÄÌ,Canada,ÃµÅæ,AMERICA,refined
37.818,51.594,49.386,41.200,36.700,37.085,40.600,43.100,40.600,36.100,38.300,41.800,38.700,´ÏÄÌ,Colombia,ÃµÅæ,AMERICA,refined
33.980,30.331,16.616,13.252,14.667,15.006,15.751,14.669,12.938,13.083,15.000,15.000,15.000,´ÏÄÌ,Cuba,ÃµÅæ,AMERICA,refined
13.498,15.186,9.400,0.000,0.000,9.913,15.632,19.214,28.450,21.316,27.320,28.400,19.424,´ÏÄÌ,Dominican Republic,ÃµÅæ,AMERICA,refined
0.000,0.000,0.000,2.985,10.818,8.688,12.417,14.688,20.323,22.894,19.931,18.419,1.514,´ÏÄÌ,Guatemala,ÃµÅæ,AMERICA,refined
13.400,8.100,3.261,2.500,4.851,0.000,0.000,0.000,0.000,0.000,0.000,0.000,0.000,´ÏÄÌ,Venezuela,ÃµÅæ,AMERICA,refined
110.213,125.634,141.252,137.762,152.978,120.520,108.500,114.517,106.470,115.800,98.970,96.500,92.300,´ÏÄÌ,Australia,ÃµÅæ,OCEANIA,refined
40.513,45.383,48.371,62.049,77.530,95.983,104.094,107.914,87.921,72.455,56.603,66.220,71.912,´ÏÄÌ,New Caledonia,ÃµÅæ,OCEANIA,refined
16.146,13.968,14.081,13.300,15.000,16.000,18.500,18.500,17.900,19.500,19.500,18.417,12.318,Àº,Armenia,Åæ,EUROPE,mine
54.999,46.523,55.637,50.200,37.955,59.600,59.500,47.000,40.100,39.100,40.000,20.247,19.400,Àº,Bulgaria,Åæ,EUROPE,mine
73.081,10.479,14.226,12.830,13.051,16.348,13.654,12.849,40.461,54.833,45.338,35.182,22.340,Àº,Finland,Åæ,EUROPE,mine
28.704,31.231,36.393,33.659,26.542,29.362,34.200,34.900,43.800,50.300,47.940,30.215,39.181,Àº,Greece,Åæ,EUROPE,mine
6.100,9.454,7.822,6.400,3.831,1.076,1.344,1.210,1.578,0.918,1.342,2.750,1.000,Àº,Ireland,Åæ,EUROPE,mine
1167.000,1149.000,1393.000,1384.000,1407.000,1264.700,1290.000,1264.000,1249.000,1218.200,1302.900,1315.800,1566.000,Àº,Poland,Åæ,EUROPE,mine
28.382,29.890,40.621,43.171,41.336,38.630,40.185,90.820,90.800,96.000,50.884,85.970,115.910,Àº,Portugal,Åæ,EUROPE,mine
18.000,18.000,18.000,18.000,18.000,18.000,18.000,18.000,18.000,18.000,18.000,18.000,18.000,Àº,Romania,Åæ,EUROPE,mine
1134.000,1399.600,1427.700,1434.000,1580.100,1493.000,1373.000,1400.100,1361.000,1321.900,1213.000,1280.000,1280.300,Àº,Russia,Åæ,EUROPE,mine
7.400,8.400,8.400,8.400,5.400,11.300,12.300,9.000,14.500,11.900,12.000,12.000,12.000,Àº,Serbia,Åæ,EUROPE,mine
30.811,31.054,27.979,27.306,27.287,17.600,98.600,87.800,77.500,92.800,81.200,72.000,72.000,Àº,Spain,Åæ,EUROPE,mine
301.959,309.337,341.346,382.611,479.686,515.039,488.135,471.325,423.776,400.929,428.601,459.520,396.961,Àº,Sweden,Åæ,EUROPE,mine
0.527,0.228,0.082,0.000,0.000,0.000,0.000,0.000,0.130,0.124,0.400,0.400,0.404,Àº,United Kingdom,Åæ,EUROPE,mine
0.000,7.564,22.591,22.228,2.800,0.000,0.000,0.000,0.000,0.000,10.400,31.174,47.700,Àº,Botswana,Åæ,AFRICA,mine
0.000,0.000,0.000,0.000,5.500,5.800,7.000,8.000,8.000,8.000,8.900,8.600,8.400,Àº,Burkina Faso,Åæ,AFRICA,mine
10.080,12.342,60.432,6.487,2.400,0.834,3.400,3.400,3.400,3.400,3.397,3.398,3.404,Àº,Democratic Republic Congo,Åæ,AFRICA,mine
4.000,30.000,16.000,53.000,98.000,98.000,79.000,54.000,44.800,65.300,68.600,68.000,67.400,Àº,Eritrea,Åæ,AFRICA,mine
0.098,0.410,0.536,0.608,0.900,0.594,0.482,0.137,0.000,0.000,0.000,0.000,0.000,Àº,Ivory Coast,Åæ,AFRICA,mine
186.090,170.340,194.080,185.770,215.964,237.201,237.323,151.688,185.700,167.000,208.197,196.159,179.056,Àº,Morocco,Åæ,AFRICA,mine
0.000,0.966,1.400,1.128,0.689,0.000,0.000,5.121,7.800,6.781,5.300,5.048,5.860,Àº,Namibia,Åæ,AFRICA,mine
73.246,67.305,68.633,37.300,51.861,55.622,62.536,46.467,55.903,38.118,37.147,45.683,42.438,Àº,South Africa,Åæ,AFRICA,mine
10.399,11.227,12.159,14.493,15.600,17.984,10.911,12.041,12.607,13.187,9.300,16.731,17.455,Àº,Tanzania,Åæ,AFRICA,mine
5.465,3.677,1.916,0.970,0.758,4.816,4.669,8.900,8.200,7.600,9.000,7.778,2.017,Àº,Azerbaijan,Åæ,ASIA,mine
3231.600,3639.100,3673.320,3567.572,3421.400,3754.000,3601.800,3421.400,3443.000,3377.800,3511.600,3476.000,3505.400,Àº,China,Åæ,ASIA,mine
203.456,374.000,366.897,337.940,490.191,445.367,526.604,658.055,582.335,633.000,689.000,683.747,712.689,Àº,India,Åæ,ASIA,mine
227.173,247.827,123.109,119.189,151.934,185.234,328.044,335.491,484.900,338.100,335.900,353.000,353.200,Àº,Indonesia,Åæ,ASIA,mine
4.486,3.577,3.644,3.541,4.616,5.076,3.408,3.596,3.492,4.200,3.292,3.501,3.182,Àº,Japan,Åæ,ASIA,mine
650.649,963.137,963.580,981.882,1305.326,1180.458,1028.501,968.941,1022.126,1015.756,1004.800,1012.253,894.807,Àº,Kazakhstan,Åæ,ASIA,mine
17.976,20.895,33.348,35.159,49.900,52.122,45.642,37.463,34.400,30.000,26.800,21.341,15.342,Àº,Laos,Åæ,ASIA,mine
0.460,1.547,0.362,0.315,0.900,1.100,1.405,1.500,0.700,0.400,0.700,0.698,0.704,Àº,Malaysia,Åæ,ASIA,mine
19.110,19.100,44.168,51.451,49.000,79.500,67.200,64.800,69.400,66.000,48.500,27.120,31.352,Àº,Mongolia,Åæ,ASIA,mine
50.000,50.000,50.000,50.000,50.000,50.000,50.000,50.000,50.000,50.000,50.400,50.400,50.400,Àº,North Korea,Åæ,ASIA,mine
45.530,49.211,40.043,23.005,29.780,35.186,31.748,29.782,31.300,24.024,30.856,56.227,46.160,Àº,Philippines,Åæ,ASIA,mine
7.500,5.500,4.200,4.900,4.500,4.710,5.070,5.300,5.600,6.000,6.800,7.000,7.200,Àº,Saudi Arabia,Åæ,ASIA,mine
2.197,1.850,1.750,2.000,4.600,6.579,8.788,7.090,5.245,7.185,10.000,2.126,1.970,Àº,South Korea,Åæ,ASIA,mine
1.800,1.800,1.800,1.745,2.700,3.200,6.600,9.500,11.100,11.400,11.100,10.900,10.800,Àº,Tajikistan,Åæ,ASIA,mine
19.453,31.997,32.794,30.568,27.638,35.896,0.000,0.000,0.000,0.000,0.000,0.000,0.000,Àº,Thailand,Åæ,ASIA,mine
246.500,193.890,189.600,183.900,190.550,376.640,151.490,197.320,242.000,98.300,163.000,143.260,162.000,Àº,Turkey,Åæ,ASIA,mine
59.100,60.000,60.000,60.000,200.000,230.000,232.300,223.900,260.000,237.600,211.500,218.000,218.300,Àº,Uzbekistan,Åæ,ASIA,mine
640.700,749.600,768.240,905.100,928.500,933.123,998.000,1023.800,1039.800,712.300,824.200,549.910,691.184,Àº,Argentina,Åæ,AMERICA,mine
1214.000,1207.158,1287.200,1345.200,1306.000,1353.000,1196.416,1191.024,1152.628,1153.100,1289.456,1214.301,1412.625,Àº,Bolivia,Åæ,AMERICA,mine
15.238,20.145,22.427,25.381,44.100,48.800,46.400,49.600,50.000,50.200,80.900,80.600,80.400,Àº,Brazil,Åæ,AMERICA,mine
661.088,685.254,640.362,495.403,383.807,385.100,392.788,403.589,419.218,289.800,325.020,270.493,221.118,Àº,Canada,Åæ,AMERICA,mine
1291.272,1194.521,1173.845,1571.800,1504.271,1501.436,1318.582,1370.237,1309.321,1575.794,1383.041,1160.140,1377.744,Àº,Chile,Åæ,AMERICA,mine
24.045,19.450,14.050,11.690,11.600,11.870,12.070,16.700,12.700,19.021,26.963,26.960,26.680,Àº,Colombia,Åæ,AMERICA,mine
18.554,23.266,80.439,135.108,99.800,121.578,148.389,169.809,108.695,88.283,78.816,71.205,42.127,Àº,Dominican Republic,Åæ,AMERICA,mine
273.061,204.682,283.856,857.499,803.489,837.819,309.914,0.000,0.000,0.000,0.700,0.698,0.704,Àº,Guatemala,Åæ,AMERICA,mine
48.400,50.605,50.917,56.827,34.300,17.636,21.607,31.151,43.579,45.000,36.700,36.698,36.704,Àº,Honduras,Åæ,AMERICA,mine
4777.710,5358.195,5820.991,5766.664,5974.821,5408.521,5394.479,6049.000,5840.011,5540.888,6097.531,6191.114,6263.385,Àº,Mexico,Åæ,AMERICA,mine
7.989,10.191,13.746,13.560,18.000,21.204,15.419,11.263,17.362,24.481,21.460,21.697,37.056,Àº,Nicaragua,Åæ,AMERICA,mine
3414.009,3480.641,3674.283,3777.384,4102.110,4375.813,4418.041,4160.200,3860.300,2771.825,3309.647,3083.000,3043.043,Àº,Peru,Åæ,AMERICA,mine
1120.000,1060.000,1050.400,1180.000,1090.000,1150.000,1026.400,924.700,971.000,985.700,1010.000,1010.000,998.000,Àº,U.S.A.,Åæ,AMERICA,mine
1725.000,1728.000,1840.246,1848.000,1430.300,1418.200,1120.000,1254.300,1325.000,1337.000,1329.718,1169.253,1012.811,Àº,Australia,Åæ,OCEANIA,mine
0.417,0.342,0.462,0.361,0.354,0.354,0.350,0.413,0.692,0.500,0.622,0.403,0.701,Àº,Fiji,Åæ,OCEANIA,mine
14.324,5.630,11.223,15.812,12.498,7.960,8.020,6.332,4.060,1.393,1.393,1.392,1.392,Àº,New Zealand,Åæ,OCEANIA,mine
93.310,81.300,90.192,84.300,71.600,100.000,66.000,93.000,147.000,130.000,90.200,84.000,84.000,Àº,Papua New Guinea,Åæ,OCEANIA,mine
0.040,0.042,0.084,0.075,0.042,0.054,0.079,0.109,0.105,0.101,0.108,0.060,0.060,ÁÖ¼®,Portugal,ÃµÅæ,EUROPE,mine
0.075,0.245,0.250,0.321,0.578,0.627,1.011,1.531,0.147,0.270,0.296,2.900,3.003,ÁÖ¼®,Russia,ÃµÅæ,EUROPE,mine
0.000,0.000,0.000,0.000,0.000,0.007,0.023,0.032,2.264,2.538,2.920,0.112,0.120,ÁÖ¼®,Spain,ÃµÅæ,EUROPE,mine
0.000,0.000,0.000,0.000,0.000,0.160,0.255,0.230,0.000,0.000,0.000,0.000,0.000,ÁÖ¼®,United Kingdom,ÃµÅæ,EUROPE,mine
0.000,0.000,0.000,0.000,0.054,0.051,0.123,0.126,0.143,0.106,0.127,0.093,0.021,ÁÖ¼®,Burundi,ÃµÅæ,AFRICA,mine
3.008,10.390,3.427,4.094,4.385,6.504,10.231,8.952,12.531,13.526,10.969,12.493,12.568,ÁÖ¼®,Democratic Republic Congo,ÃµÅæ,AFRICA,mine
0.000,0.006,0.087,0.012,0.000,0.000,0.000,0.000,0.000,0.000,0.000,0.000,0.000,ÁÖ¼®,Egypt,ÃµÅæ,AFRICA,mine
,0.000,0.000,0.000,0.000,0.000,0.000,0.000,0.009,0.242,0.470,0.538,0.877,ÁÖ¼®,Namibia,ÃµÅæ,AFRICA,mine
1.800,2.400,2.590,2.485,2.364,3.443,8.626,7.853,7.020,5.974,6.949,8.342,7.681,ÁÖ¼®,Nigeria,ÃµÅæ,AFRICA,mine
5.485,3.493,3.600,4.447,2.423,2.237,2.972,2.968,2.769,2.002,2.044,2.476,2.400,ÁÖ¼®,Rwanda,ÃµÅæ,AFRICA,mine
0.000,0.000,0.000,0.000,0.120,0.104,0.068,0.006,0.018,0.100,1.200,0.120,0.120,ÁÖ¼®,Tanzania,ÃµÅæ,AFRICA,mine
0.000,0.000,0.000,0.000,0.120,0.000,0.066,0.053,0.050,0.000,0.000,0.000,0.000,ÁÖ¼®,Uganda,ÃµÅæ,AFRICA,mine
127.400,115.700,101.200,102.100,110.200,97.200,112.200,127.000,134.300,161.300,152.200,102.000,99.500,ÁÖ¼®,China,ÃµÅæ,ASIA,mine
78.000,90.000,84.000,69.600,68.400,60.000,82.800,84.000,86.400,65.400,60.000,60.000,60.000,ÁÖ¼®,Indonesia,ÃµÅæ,ASIA,mine
0.000,0.000,0.000,0.000,0.000,0.000,0.000,0.002,0.000,0.000,0.000,0.000,0.000,ÁÖ¼®,Kazakhstan,ÃµÅæ,ASIA,mine
0.210,0.594,0.535,0.782,0.692,1.005,0.975,1.400,0.526,0.601,0.891,1.128,1.267,ÁÖ¼®,Laos,ÃµÅæ,ASIA,mine
3.346,3.725,3.688,3.777,4.104,4.123,4.819,3.868,3.596,3.183,3.180,3.516,3.734,ÁÖ¼®,Malaysia,ÃµÅæ,ASIA,mine
0.024,0.024,0.072,0.072,0.040,0.036,0.050,0.060,0.030,0.120,0.120,0.120,0.120,ÁÖ¼®,Mongolia,ÃµÅæ,ASIA,mine
2.063,5.000,19.000,35.000,58.000,60.000,58.907,45.900,45.000,29.100,29.544,37.683,40.157,ÁÖ¼®,Myanmar,ÃµÅæ,ASIA,mine
0.252,0.199,0.119,0.118,0.045,0.058,0.341,0.073,0.050,0.221,0.720,0.720,0.720,ÁÖ¼®,Thailand,ÃµÅæ,ASIA,mine
5.400,3.191,5.130,4.072,4.399,4.468,4.950,5.470,5.520,5.420,5.400,5.400,5.400,ÁÖ¼®,Vietnam,ÃµÅæ,ASIA,mine
20.373,19.701,19.287,19.791,20.135,17.461,18.386,17.251,17.194,14.710,19.628,17.613,17.783,ÁÖ¼®,Bolivia,ÃµÅæ,AMERICA,mine
10.725,13.667,16.830,25.534,18.824,15.183,17.081,17.591,14.867,16.893,15.517,18.000,18.000,ÁÖ¼®,Brazil,ÃµÅæ,AMERICA,mine
28.882,26.105,23.668,23.105,19.511,18.789,17.790,18.601,19.853,20.647,26.995,28.231,26.231,ÁÖ¼®,Peru,ÃµÅæ,AMERICA,mine
13.874,6.158,6.472,6.898,7.158,6.635,7.402,6.871,7.738,8.118,8.772,9.201,9.852,ÁÖ¼®,Australia,ÃµÅæ,OCEANIA,mine
10.008,11.350,10.346,9.718,8.788,8.474,9.652,9.329,9.296,8.980,9.988,8.471,8.400,ÁÖ¼®,Belgium,ÃµÅæ,EUROPE,refined
0.820,1.375,1.900,2.253,2.171,2.903,3.422,3.774,3.985,3.910,4.617,4.275,3.988,ÁÖ¼®,Poland,ÃµÅæ,EUROPE,refined
0.700,0.900,0.500,0.120,0.000,0.000,0.800,1.000,1.500,1.500,1.800,1.800,1.800,ÁÖ¼®,Russia,ÃµÅæ,EUROPE,refined
0.600,0.600,0.600,0.000,0.000,0.000,0.000,0.000,0.000,0.000,0.000,0.000,0.000,ÁÖ¼®,Nigeria,ÃµÅæ,AFRICA,refined
0.000,0.000,0.000,0.000,0.000,0.000,0.000,0.000,0.300,0.300,0.300,0.300,0.300,ÁÖ¼®,Rwanda,ÃµÅæ,AFRICA,refined
155.499,147.863,159.601,187.100,167.200,182.681,178.400,177.717,180.985,202.910,200.488,165.917,169.047,ÁÖ¼®,China,ÃµÅæ,ASIA,refined
3.600,3.600,3.750,4.200,0.000,0.000,0.000,0.000,0.000,0.000,0.000,0.000,0.000,ÁÖ¼®,India,ÃµÅæ,ASIA,refined
73.000,79.800,63.000,64.800,67.350,52.300,72.000,81.427,81.600,74.000,72.400,74.400,74.400,ÁÖ¼®,Indonesia,ÃµÅæ,ASIA,refined
1.067,1.136,1.784,1.746,1.659,1.620,1.624,1.647,1.551,1.507,1.878,1.541,1.765,ÁÖ¼®,Japan,ÃµÅæ,ASIA,refined
40.267,37.791,32.668,36.694,30.261,26.458,27.211,27.197,23.682,22.356,13.257,18.661,20.758,ÁÖ¼®,Malaysia,ÃµÅæ,ASIA,refined
0.000,0.000,0.000,0.000,0.000,0.000,0.000,0.000,0.000,0.000,0.000,0.000,0.000,ÁÖ¼®,Singapore,ÃµÅæ,ASIA,refined
0.000,0.000,2.400,2.600,2.700,2.800,3.000,2.800,3.800,3.700,3.600,3.600,3.600,ÁÖ¼®,Taiwan,ÃµÅæ,ASIA,refined
23.864,22.847,22.984,16.338,10.502,11.088,10.601,10.880,9.597,11.307,12.069,9.483,9.209,ÁÖ¼®,Thailand,ÃµÅæ,ASIA,refined
3.900,3.095,4.961,4.688,4.382,4.419,4.440,4.900,4.800,4.600,4.560,4.560,4.560,ÁÖ¼®,Vietnam,ÃµÅæ,ASIA,refined
0.000,0.000,0.000,0.000,0.000,0.000,0.000,0.000,0.000,0.000,0.000,0.000,0.000,ÁÖ¼®,Argentina,ÃµÅæ,AMERICA,refined
14.518,14.280,14.863,15.402,15.464,16.810,16.120,15.610,15.111,10.415,16.258,14.825,15.674,ÁÖ¼®,Bolivia,ÃµÅæ,AMERICA,refined
9.382,11.955,14.721,22.334,16.531,12.542,13.796,13.500,11.928,12.000,12.000,15.000,15.000,ÁÖ¼®,Brazil,ÃµÅæ,AMERICA,refined
32.290,24.811,24.181,24.462,20.396,19.390,17.906,18.255,19.491,19.585,25.947,26.630,25.304,ÁÖ¼®,Peru,ÃµÅæ,AMERICA,refined
0.000,0.000,0.000,0.014,0.022,0.041,0.021,0.062,0.131,0.100,0.100,0.100,0.100,ÁÖ¼®,Australia,ÃµÅæ,OCEANIA,refined
9.354,7.400,9.100,8.500,6.202,4.735,5.784,6.915,7.205,7.637,8.655,5.454,4.082,¾Æ¿¬,Armenia,ÃµÅæ,EUROPE,mine
6.774,7.235,8.779,7.792,9.687,9.365,10.152,10.226,9.200,11.598,7.168,7.577,5.354,¾Æ¿¬,Bosnia,ÃµÅæ,EUROPE,mine
14.045,13.600,13.905,11.891,16.349,18.800,19.300,20.400,21.800,14.700,21.624,26.621,21.054,¾Æ¿¬,Bulgaria,ÃµÅæ,EUROPE,mine
64.115,52.197,40.957,45.288,25.332,45.852,66.284,85.067,69.800,61.213,59.100,62.433,62.400,¾Æ¿¬,Finland,ÃµÅæ,EUROPE,mine
21.215,20.760,22.865,23.617,27.700,18.900,14.200,21.910,22.120,28.000,22.600,27.044,31.410,¾Æ¿¬,Greece,ÃµÅæ,EUROPE,mine
344.463,337.573,326.654,282.625,236.372,146.580,130.600,131.742,122.463,127.008,112.249,103.264,53.327,¾Æ¿¬,Ireland,ÃµÅæ,EUROPE,mine
2.900,3.892,8.263,11.197,4.083,6.461,4.500,7.032,3.100,3.900,7.673,1.846,3.002,¾Æ¿¬,Kosovo,ÃµÅæ,EUROPE,mine
28.133,28.037,30.908,31.570,29.150,24.871,27.846,29.715,30.603,31.088,30.074,29.506,27.485,¾Æ¿¬,Macedonia,ÃµÅæ,EUROPE,mine
3.336,4.560,4.642,7.170,7.045,10.707,10.198,10.709,9.500,10.124,9.400,6.763,6.732,¾Æ¿¬,Montenegro,ÃµÅæ,EUROPE,mine
87.200,77.000,75.000,56.000,53.000,50.000,45.000,42.000,37.600,35.900,0.000,6.300,6.300,¾Æ¿¬,Poland,ÃµÅæ,EUROPE,mine
4.228,30.006,53.382,67.378,61.921,69.527,71.356,145.000,161.600,176.800,189.858,193.778,234.881,¾Æ¿¬,Portugal,ÃµÅæ,EUROPE,mine
8.796,8.373,2.040,3.324,3.085,1.597,0.821,0.343,0.240,0.100,2.500,6.972,1.137,¾Æ¿¬,Romania,ÃµÅæ,EUROPE,mine
197.000,189.000,193.000,192.000,201.000,248.000,275.000,285.000,275.000,260.700,280.000,293.000,295.400,¾Æ¿¬,Russia,ÃµÅæ,EUROPE,mine
3.098,6.016,5.805,6.156,4.011,4.011,3.905,3.844,6.900,6.498,6.442,6.542,6.728,¾Æ¿¬,Serbia,ÃµÅæ,EUROPE,mine
33.200,32.580,32.710,28.260,64.046,76.300,70.500,106.400,91.000,90.400,90.000,78.197,89.242,¾Æ¿¬,Spain,ÃµÅæ,EUROPE,mine
194.021,188.325,176.582,221.800,246.983,258.300,251.200,237.721,247.700,235.400,236.400,250.461,235.852,¾Æ¿¬,Sweden,ÃµÅæ,EUROPE,mine
0.000,0.000,0.000,0.000,0.100,0.300,0.500,0.500,0.498,1.600,0.930,1.200,1.200,¾Æ¿¬,Algeria,ÃµÅæ,AFRICA,mine
0.000,0.000,32.215,75.259,68.800,81.400,92.700,99.210,106.700,79.000,84.200,94.587,102.000,¾Æ¿¬,Burkina Faso,ÃµÅæ,AFRICA,mine
0.000,0.000,0.000,0.000,0.000,0.500,4.300,0.500,4.800,1.100,2.560,2.600,4.036,¾Æ¿¬,Congo,ÃµÅæ,AFRICA,mine
7.381,5.286,6.057,7.292,7.097,6.291,6.662,1.000,1.603,15.307,8.683,6.734,6.095,¾Æ¿¬,Democratic Republic Congo,ÃµÅæ,AFRICA,mine
0.000,0.000,0.000,0.000,0.000,40.900,94.000,125.000,121.304,121.882,129.600,121.000,111.750,¾Æ¿¬,Eritrea,ÃµÅæ,AFRICA,mine
45.100,47.600,41.800,45.400,53.700,48.959,52.000,57.700,43.600,35.800,49.500,50.302,60.856,¾Æ¿¬,Morocco,ÃµÅæ,AFRICA,mine
192.531,193.607,187.456,172.769,123.691,118.543,134.387,123.058,124.600,62.300,41.208,43.243,39.644,¾Æ¿¬,Nambia,ÃµÅæ,AFRICA,mine
3.140,13.783,6.818,7.007,14.012,14.035,22.000,11.751,23.285,26.892,32.200,18.913,6.962,¾Æ¿¬,Nigeria,ÃµÅæ,AFRICA,mine
36.629,37.034,30.145,26.141,29.040,26.695,30.778,28.129,125.157,160.816,193.785,224.356,200.045,¾Æ¿¬,South Africa,ÃµÅæ,AFRICA,mine
0.564,7.413,7.721,7.369,0.904,0.000,0.000,0.000,0.000,0.000,0.000,0.000,0.000,¾Æ¿¬,Tunisia,ÃµÅæ,AFRICA,mine
4050.000,4859.100,5187.700,5118.400,4748.900,4710.500,3868.450,3721.093,3685.821,4058.000,4737.013,4734.608,4790.387,¾Æ¿¬,China,ÃµÅæ,ASIA,mine
824.900,725.000,816.400,712.100,821.000,646.000,827.800,747.003,712.600,726.919,785.000,851.501,890.983,¾Æ¿¬,India,ÃµÅæ,ASIA,mine
0.000,0.000,0.000,0.735,21.263,8.541,13.865,20.074,21.000,20.000,15.151,18.163,20.612,¾Æ¿¬,Indonesia,ÃµÅæ,ASIA,mine
138.000,138.000,130.000,150.000,168.200,135.000,140.000,145.000,150.000,150.000,150.000,156.000,159.600,¾Æ¿¬,Iran,ÃµÅæ,ASIA,mine
0.000,0.000,0.000,0.000,0.000,0.000,0.000,0.000,0.000,0.000,0.000,0.000,0.000,¾Æ¿¬,Japan,ÃµÅæ,ASIA,mine
376.700,370.500,417.000,386.000,383.700,365.600,347.000,344.900,244.700,335.000,326.900,326.900,248.000,¾Æ¿¬,Kazakhstan,ÃµÅæ,ASIA,mine
2.246,1.208,2.000,2.000,0.000,0.804,5.735,3.200,1.301,1.096,5.400,5.400,5.400,¾Æ¿¬,Laos,ÃµÅæ,ASIA,mine
52.350,59.550,52.050,46.600,44.800,50.100,41.350,43.950,41.600,38.150,39.501,31.564,141.025,¾Æ¿¬,Mongolia,ÃµÅæ,ASIA,mine
9.294,8.009,4.800,6.118,4.840,6.515,13.100,17.715,21.300,19.000,10.000,13.274,22.251,¾Æ¿¬,Myanmar,ÃµÅæ,ASIA,mine
36.000,36.000,36.136,37.261,45.332,66.469,35.671,35.000,30.000,28.000,28.000,27.900,27.900,¾Æ¿¬,North Korea,ÃµÅæ,ASIA,mine
13.958,1.700,0.000,0.000,0.000,9.242,26.828,32.374,37.364,35.054,35.391,42.349,69.464,¾Æ¿¬,Pakistan,ÃµÅæ,ASIA,mine
18.174,19.561,16.655,0.000,0.000,0.000,0.000,0.000,0.000,0.000,0.000,0.000,0.000,¾Æ¿¬,Philippines,ÃµÅæ,ASIA,mine
6.762,21.200,26.300,19.636,25.000,4.200,21.800,22.800,32.000,32.000,27.000,27.470,29.578,¾Æ¿¬,Saudi Arabia,ÃµÅæ,ASIA,mine
1.486,1.278,1.148,1.919,2.070,2.260,3.321,3.656,4.106,4.252,4.372,4.850,3.824,¾Æ¿¬,South Korea,ÃµÅæ,ASIA,mine
0.091,29.888,24.393,47.863,50.469,73.928,92.900,84.300,90.000,90.000,70.600,70.600,70.800,¾Æ¿¬,Tajikistan,ÃµÅæ,ASIA,mine
22.259,28.300,30.000,39.100,34.700,34.500,1.182,0.000,0.000,0.000,0.000,0.000,0.000,¾Æ¿¬,Thailand,ÃµÅæ,ASIA,mine
158.100,212.656,195.000,225.568,107.824,78.006,146.990,157.265,117.092,136.300,171.700,191.969,174.110,¾Æ¿¬,Turkey,ÃµÅæ,ASIA,mine
0.000,0.000,8.000,8.000,40.000,45.000,47.200,38.400,35.400,37.200,42.000,44.500,44.400,¾Æ¿¬,Uzbekistan,ÃµÅæ,ASIA,mine
34.000,25.000,20.000,17.000,15.000,12.000,12.000,12.000,12.000,12.000,11.383,15.935,21.210,¾Æ¿¬,Vietnam,ÃµÅæ,ASIA,mine
35.081,39.600,41.963,28.000,30.500,22.800,23.390,22.100,14.900,7.700,6.200,4.689,3.993,¾Æ¿¬,Argentina,ÃµÅæ,AMERICA,mine
427.129,389.822,407.332,448.653,442.154,487.000,527.200,519.630,527.521,358.410,499.257,517.524,566.103,¾Æ¿¬,Bolivia,ÃµÅæ,AMERICA,mine
197.840,164.258,152.147,169.776,157.000,159.000,156.470,169.783,163.400,174.500,159.900,151.000,168.900,¾Æ¿¬,Brazil,ÃµÅæ,AMERICA,mine
622.600,641.113,426.544,352.125,289.584,321.759,346.776,305.000,335.806,247.100,310.200,116.533,99.791,¾Æ¿¬,Canada,ÃµÅæ,AMERICA,mine
36.602,26.762,29.759,45.100,48.100,42.870,29.000,26.800,5.600,28.662,27.915,23.578,39.995,¾Æ¿¬,Chile,ÃµÅæ,AMERICA,mine
,0.000,0.000,0.000,4.700,3.600,3.900,4.000,5.500,2.400,6.000,6.655,11.625,¾Æ¿¬,Dominican Republic,ÃµÅæ,AMERICA,mine
0.000,3.300,0.985,10.652,13.297,14.975,7.949,0.000,0.000,0.000,0.000,0.000,0.000,¾Æ¿¬,Guatemala,ÃµÅæ,AMERICA,mine
10.000,26.000,25.000,30.000,22.100,28.400,20.436,28.050,29.222,27.000,32.000,16.061,8.957,¾Æ¿¬,Honduras,ÃµÅæ,AMERICA,mine
631.859,660.349,642.542,659.878,694.544,661.188,674.300,636.821,676.677,688.461,742.926,743.757,656.935,¾Æ¿¬,Mexico,ÃµÅæ,AMERICA,mine
0.000,0.000,0.000,0.000,0.000,0.000,0.000,0.000,0.325,0.177,0.108,0.108,0.108,¾Æ¿¬,Nicaragua,ÃµÅæ,AMERICA,mine
1255.899,1281.230,1351.273,1318.660,1421.513,1337.100,1473.037,1470.000,1404.382,1334.570,1532.043,1370.000,1468.420,¾Æ¿¬,Peru,ÃµÅæ,AMERICA,mine
769.000,738.000,784.000,832.000,807.500,804.800,773.800,838.000,753.000,718.000,704.000,761.000,767.000,¾Æ¿¬,U.S.A.,ÃµÅæ,AMERICA,mine
1510.000,1499.000,1481.000,1505.000,1610.000,884.800,852.000,1147.000,1337.300,1314.900,1315.162,1237.474,1094.396,¾Æ¿¬,Australia,ÃµÅæ,OCEANIA,mine
282.000,250.000,252.000,262.000,260.000,236.000,249.000,275.000,271.200,270.000,270.000,254.000,254.400,¾Æ¿¬,Belgium,ÃµÅæ,EUROPE,slab
88.411,73.558,75.830,76.293,75.095,75.811,73.715,73.710,73.500,74.500,72.418,72.527,75.000,¾Æ¿¬,Bulgaria,ÃµÅæ,EUROPE,slab
307.352,314.742,311.686,302.024,305.697,290.599,284.992,295.029,290.844,297.257,292.648,294.122,293.960,¾Æ¿¬,Finland,ÃµÅæ,EUROPE,slab
164.000,161.000,152.000,171.000,169.000,149.000,166.000,155.000,142.000,166.000,165.000,124.800,124.800,¾Æ¿¬,France,ÃµÅæ,EUROPE,slab
169.896,169.401,162.229,169.900,173.500,168.800,174.000,177.500,182.000,175.000,180.000,135.000,130.200,¾Æ¿¬,Germany,ÃµÅæ,EUROPE,slab
110.200,97.200,111.000,188.600,195.500,195.300,183.000,187.200,188.500,181.100,179.800,119.700,119.700,¾Æ¿¬,Italy,ÃµÅæ,EUROPE,slab
261.000,257.000,275.000,290.000,291.000,283.000,248.000,268.000,240.000,250.000,255.600,255.600,255.600,¾Æ¿¬,Netherlands,ÃµÅæ,EUROPE,slab
153.200,152.647,143.444,165.600,162.878,170.541,172.086,190.570,195.374,191.576,180.323,181.139,165.231,¾Æ¿¬,Norway,ÃµÅæ,EUROPE,slab
144.100,138.300,146.300,154.000,161.500,161.200,162.000,160.000,159.400,160.300,164.700,161.900,137.573,¾Æ¿¬,Poland,ÃµÅæ,EUROPE,slab
246.223,250.000,216.200,223.300,230.000,255.000,256.700,254.600,207.000,212.000,200.000,195.000,199.400,¾Æ¿¬,Russia,ÃµÅæ,EUROPE,slab
511.092,483.000,481.000,498.000,498.000,500.000,507.000,511.000,507.900,504.100,505.000,505.000,505.000,¾Æ¿¬,Spain,ÃµÅæ,EUROPE,slab
6.561,6.957,3.900,8.074,0.713,0.071,0.000,0.000,0.000,0.000,0.000,0.000,0.000,¾Æ¿¬,Ukraine,ÃµÅæ,EUROPE,slab
33.461,21.977,14.687,13.171,7.557,3.100,1.472,0.000,0.000,0.000,0.000,0.000,0.000,¾Æ¿¬,Algeria,ÃµÅæ,AFRICA,slab
146.000,144.508,128.291,118.665,71.818,88.650,83.767,67.122,72.366,16.206,0.000,0.000,0.000,¾Æ¿¬,Namibia,ÃµÅæ,AFRICA,slab
73.000,0.000,0.000,0.000,0.000,0.000,0.000,0.000,0.000,0.000,0.000,0.000,0.000,¾Æ¿¬,South Africa,ÃµÅæ,AFRICA,slab
5212.200,4881.200,5279.600,5807.000,6115.900,6196.000,6143.900,5607.103,6135.664,6424.873,6561.000,6802.000,7152.000,¾Æ¿¬,China,ÃµÅæ,ASIA,slab
788.201,690.769,772.551,700.000,821.282,615.841,791.500,776.006,691.000,716.000,761.147,817.000,816.000,¾Æ¿¬,India,ÃµÅæ,ASIA,slab
132.000,148.000,140.000,145.000,138.000,135.000,135.000,140.000,144.000,135.000,140.000,139.600,144.000,¾Æ¿¬,Iran,ÃµÅæ,ASIA,slab
544.674,571.312,587.291,583.021,566.619,533.689,523.919,521.110,526.717,501.146,517.167,516.637,484.673,¾Æ¿¬,Japan,ÃµÅæ,ASIA,slab
319.847,319.847,319.897,324.754,324.340,325.510,329.178,328.764,295.400,311.322,326.883,269.200,279.906,¾Æ¿¬,Kazakhstan,ÃµÅæ,ASIA,slab
42.000,32.000,32.000,27.000,15.000,17.000,15.000,12.000,12.000,15.000,12.000,12.000,12.000,¾Æ¿¬,North Korea,ÃµÅæ,ASIA,slab
828.200,876.817,894.789,915.081,929.800,1009.100,961.900,988.600,950.000,980.000,960.000,914.414,934.245,¾Æ¿¬,South Korea,ÃµÅæ,ASIA,slab
103.366,107.700,78.000,65.700,74.100,73.000,30.000,0.000,0.000,0.000,0.000,0.000,0.000,¾Æ¿¬,Thailand,ÃµÅæ,ASIA,slab
54.900,61.100,54.000,66.000,72.000,77.851,70.000,78.000,80.000,80.000,90.000,87.500,84.000,¾Æ¿¬,Uzbekistan,ÃµÅæ,ASIA,slab
15.600,15.600,12.000,12.000,12.000,12.000,10.000,10.000,10.000,10.000,9.600,9.600,9.600,¾Æ¿¬,Vietnam,ÃµÅæ,ASIA,slab
43.600,38.400,39.649,29.100,30.300,0.000,0.000,0.000,0.000,0.000,0.000,0.000,0.000,¾Æ¿¬,Argentina,ÃµÅæ,AMERICA,slab
284.770,246.526,245.400,246.100,231.000,284.500,245.200,251.000,195.784,247.000,240.000,230.000,229.600,¾Æ¿¬,Brazil,ÃµÅæ,AMERICA,slab
662.151,648.619,651.637,649.218,683.118,691.400,598.438,620.202,654.971,685.400,639.843,569.613,502.000,¾Æ¿¬,Canada,ÃµÅæ,AMERICA,slab
322.116,323.569,322.781,320.924,326.834,321.166,327.000,335.942,393.418,368.200,357.000,328.727,344.151,¾Æ¿¬,Mexico,ÃµÅæ,AMERICA,slab
313.714,319.280,346.361,336.454,335.422,341.518,312.339,333.677,356.925,318.619,320.000,349.500,346.072,¾Æ¿¬,Peru,ÃµÅæ,AMERICA,slab
248.000,261.000,233.000,180.000,172.000,126.000,132.000,116.000,115.000,180.000,216.000,216.000,220.000,¾Æ¿¬,U.S.A.,ÃµÅæ,AMERICA,slab
517.000,508.000,504.000,488.000,489.000,470.000,471.000,491.000,436.000,447.300,432.512,385.032,467.044,¾Æ¿¬,Australia,ÃµÅæ,OCEANIA,slab
